{"sections":{"template-collection":{"type":"main-collection","settings":{"sidebar_collection_toggle":false,"sidebar_collection_position":"sidebar_left","enable_filter_column":false,"enable_filtering":false,"enable_sorting":true,"enable_viewing":true,"collapse_on_larger_devices":false,"side_collapse_filter":"left","type_price_range":"default","use_button_filter":true,"round_color_pick":false,"items_per_page":"12","use_info":false,"container_width":"full_width","bg_section":"rgba(0,0,0,0)","inset_section":"0","offset_section":"6.6% 0px 3.3% 0px","info_style":"style_2","img_column":"2","descr_column":"10","descr_align_column":"align-center","collection_desc_toggle":false,"collection_tags_toggle":false,"collection_image_toggle":false,"tags_option":"tag_test","products_collection":"frontpage","type_image_col":"def_size_image","caption_inverted":false,"custom_collection_class":"","collection_img_alignment":"center"}}},"order":["template-collection"]}