{"sections":{"16583336102ca6c3fc":{"type":"index-image-with-text-overlay","blocks":{"17ddd597-b1d0-44aa-9a74-5166ca4e5110":{"type":"heading_h1","settings":{"heading_h1":"<p><strong>20% off <\/strong>summer<\/p>","color":"#121212","indent_block":"0","inset_block":"10px 5px 0 5px","offset_block":"0 0 0 0","use_bgi":true,"bgc_color":"#ffffff","bgc_color_opacity":1,"title_animation":"none"}},"2152fee1-3128-4b22-963c-7a61f31b94f2":{"type":"heading_h1","settings":{"heading_h1":"<p>favorites<\/p>","color":"#121212","indent_block":"0","inset_block":"10px 5px 0 5px","offset_block":"12px 0 0 0","use_bgi":true,"bgc_color":"#ffffff","bgc_color_opacity":1,"title_animation":"none"}},"16583336096d509a46-3":{"type":"button","settings":{"button_label":"shop our collection","button_link":"shopify:\/\/collections","use_button":true,"btn_style":"btn-primary","btn_size":"btn-lg","offset_block":"5% 0 0 0"}}},"block_order":["17ddd597-b1d0-44aa-9a74-5166ca4e5110","2152fee1-3128-4b22-963c-7a61f31b94f2","16583336096d509a46-3"],"settings":{"container_width":"container-fluid","inset_section":"0px 0px 0px 0px","offset_section":"0px 0px 0px 0px","bg_section":"#ffffff","padding_desktop":415,"padding_mobile":175,"image":"shopify:\/\/shop_images\/Rectangle_38_1d1c544d-a7c5-45b9-a4a3-a46c4130da02.jpg","bg_pos_mobile":66,"use_bgo":false,"bg_color":"","bg_color_opacity":0.5,"parallax":false,"padding_parallax_desktop":500,"bg_animation":"none","caption_align":"center","text_align":"center","vertical_alignment":"bottom","inverted":false,"use_bgc":false,"caption_bg_color":"","caption_bg_color_opacity":0.5,"inset_caption":"6% 7% 10% 7%","offset_caption":"0 0 0 0","caption_animation":"none"}},"1627899736175f45d2":{"type":"index-divider","settings":{"section_view":"boxed","type_value":"px","padding_top":30,"padding_bottom":30,"padding_top_vw":1.5,"padding_bottom_vw":1.5,"margin_top":0,"margin_bottom":0,"background_color":"","tablet_padding_top":20,"tablet_padding_bottom":20,"tablet_margin_top":0,"tablet_margin_bottom":0}},"16369903551b1e467b":{"type":"index-collection-list","blocks":{"1636990355928bb651-0":{"type":"featured_collection","settings":{"item_collection":"clothing","position-caption":"bottom","position-caption-h":"center","caption_bg_color":"#ffffff","caption_bg_color_opacity":0,"item_img":"shopify:\/\/shop_images\/Rectangle_201.jpg","custom_collection_class":""}},"1636990355928bb651-1":{"type":"featured_collection","settings":{"item_collection":"womens","position-caption":"bottom","position-caption-h":"center","caption_bg_color":"#ffffff","caption_bg_color_opacity":0,"item_img":"shopify:\/\/shop_images\/Rectangle_202.jpg","custom_collection_class":""}},"b6348225-204c-4f3e-b532-ae3225e9c3c4":{"type":"featured_collection","settings":{"item_collection":"new-in","position-caption":"bottom","position-caption-h":"center","caption_bg_color":"#ffffff","caption_bg_color_opacity":0,"item_img":"shopify:\/\/shop_images\/Rectangle_203.jpg","custom_collection_class":""}},"459be7e2-256b-4f41-8cbc-f85fdf787e1e":{"type":"featured_collection","settings":{"item_collection":"accessories","position-caption":"bottom","position-caption-h":"center","caption_bg_color":"#ffffff","caption_bg_color_opacity":0,"item_img":"shopify:\/\/shop_images\/Rectangle_204.jpg","custom_collection_class":""}}},"block_order":["1636990355928bb651-0","1636990355928bb651-1","b6348225-204c-4f3e-b532-ae3225e9c3c4","459be7e2-256b-4f41-8cbc-f85fdf787e1e"],"settings":{"container_width":"container-fluid","reset_indent":false,"inset_section":"0px 0px 0px 0px","offset_section":"0px 0px 0px 0px","bg_section":"#ffffff","item_heading":"","item_text":"","show_items_count":false,"column_item":"3","style":"type_h_1","image_ratio":"portrait","img_alignment":"center","caption_overlay":false,"show_view_all":false,"show_carousel":false}},"162789991534a793f2":{"type":"index-divider","settings":{"section_view":"boxed","type_value":"px","padding_top":50,"padding_bottom":0,"padding_top_vw":1.5,"padding_bottom_vw":1.5,"margin_top":0,"margin_bottom":0,"background_color":"","tablet_padding_top":40,"tablet_padding_bottom":0,"tablet_margin_top":0,"tablet_margin_bottom":0}},"16583469703df44a18":{"type":"index-custom-content","blocks":{"16583469707a1e2f3b-1":{"type":"text","settings":{"custom_class":"","caption_size":"medium","h_cpos":"center","v_cpos":"center","item_title":"<p>Member Perk: 20% off<\/p>","color_title":"#df302d","item_subtitle":"","color_subtitle":"#121212","item_text":"","color_text":"#797b7e","url_text":"Shop now","block_link":"","btn_style":"btn-primary","btn_size":"btn-md","width":"100%","align_text":"center"}}},"block_order":["16583469707a1e2f3b-1"],"settings":{"custom_class":"","container_width":"container-fluid","reset_indent":false,"inset_section":"4px 0px 16px 0px","offset_section":"0px 15px 0px 15px","bg_section":"#f1ebdf","title":"","inverted":false}},"1637054846a13d336f":{"type":"index-divider","settings":{"section_view":"boxed","type_value":"px","padding_top":30,"padding_bottom":0,"padding_top_vw":1.5,"padding_bottom_vw":1.5,"margin_top":0,"margin_bottom":0,"background_color":"","tablet_padding_top":20,"tablet_padding_bottom":0,"tablet_margin_top":0,"tablet_margin_bottom":0}},"165833560146a64d30":{"type":"index-image-with-text-overlay","blocks":{"2e7247e3-ea2b-4d6f-97db-c82a0fd7a878":{"type":"heading_h5","settings":{"heading_h5":"<p>Summer sale<\/p>","color":"#ffffff","inset_block":"0 0 0 0","offset_block":"5% 0 0 0","use_bgi":false,"bgc_color":"","bgc_color_opacity":0.5,"title_animation":"none"}},"0cbf8124-4068-48c5-a569-a9c57a713d86":{"type":"custom_heading","settings":{"custom_heading":"<p>Up to 50% off<\/p>","color":"#ffffff","indent_block":"0","inset_block":"0 0 0 0","offset_block":"4% 0 0 0","use_bgi":false,"bgc_color":"","bgc_color_opacity":0.5,"title_animation":"none"}},"16583356013c8a6d4f-2":{"type":"text","settings":{"text":"<p>Valid on select styles while supplies last<\/p><p><\/p>","text_size":"medium","color":"#ffffff","inset_block":"0 0 0 0","offset_block":"4% 0 0 0","use_bgc":false,"bgc_color":"","bgc_color_opacity":0.5}},"ea8778d1-3648-4423-8884-b746056f1438":{"type":"link_list","settings":{"links":"vendy_red","use_button":true,"btn_style":"btn-alternate","btn_size":"btn-lg","offset_block":"5% 0 0 0"}}},"block_order":["2e7247e3-ea2b-4d6f-97db-c82a0fd7a878","0cbf8124-4068-48c5-a569-a9c57a713d86","16583356013c8a6d4f-2","ea8778d1-3648-4423-8884-b746056f1438"],"settings":{"container_width":"container-fluid","inset_section":"0px 0px 0px 0px","offset_section":"0px 0px 0px 0px","bg_section":"rgba(0,0,0,0)","padding_desktop":400,"padding_mobile":175,"image":"shopify:\/\/shop_images\/Rectangle_204.jpg","bg_pos_mobile":50,"use_bgo":true,"bg_color":"#df302d","bg_color_opacity":1,"parallax":false,"padding_parallax_desktop":500,"bg_animation":"none","caption_align":"center","text_align":"center","vertical_alignment":"center","inverted":false,"use_bgc":false,"caption_bg_color":"","caption_bg_color_opacity":0.5,"inset_caption":"3% 3% 3% 3%","offset_caption":"0 0 0 0","caption_animation":"none"}},"16583393129c9899ff":{"type":"index-divider","settings":{"section_view":"container","type_value":"vw","padding_top":80,"padding_bottom":80,"padding_top_vw":3.1,"padding_bottom_vw":3.1,"margin_top":0,"margin_bottom":0,"background_color":"","tablet_padding_top":20,"tablet_padding_bottom":20,"tablet_margin_top":0,"tablet_margin_bottom":0}},"162945910130dbf1bc":{"type":"index-featured-products","blocks":{"162945910130dbf1bc-0":{"type":"collection_tab","settings":{"show_view_all":false,"view_all_link_text":"Explore Collections","section_title":"","block_collection_title":"tab","block_collection":"sale","product_card_reviews":false,"product_card_vendor":false,"product_card_variants":false,"variants_type_url":"only_color","product_card_variants_limit":"5","product_card_options":false,"current_text_product_option":"Color","opt_type":"btn","image_ratio":"portrait-thumb","show_secondary_image":false,"image_padding":0,"bg_wrap_img_color":"","bg_img_color":"#f2f3f5"}}},"block_order":["162945910130dbf1bc-0"],"settings":{"section_title":"Best sellers","section_subtitle":"Top sale in this week","textalign_pos":"center","container_width":"container-fluid","bg_section":"rgba(0,0,0,0)","inverted":false,"inset_section":"0","offset_section":"0px 0px 0px 0px","reset_indent":false,"use_tabs":false,"pc_grid_style":"grid_style_1","use_border_card":false,"use_border_grid":false,"all_view":false,"products_count":"4","column_item":"25%","carousel_view":false,"products_view":"4","off_carousel_nav":true,"off_carousel_pag":false,"carousel_control_type":"pagination","design_type":"type_1"}},"1637048741b2ccd8d9":{"type":"index-divider","settings":{"section_view":"boxed","type_value":"vw","padding_top":85,"padding_bottom":85,"padding_top_vw":3.1,"padding_bottom_vw":3.1,"margin_top":0,"margin_bottom":0,"background_color":"","tablet_padding_top":27,"tablet_padding_bottom":27,"tablet_margin_top":0,"tablet_margin_bottom":0}},"16583487737e6736e0":{"type":"index-megamosaic","blocks":{"af803368-878f-42b4-a72d-34b99403c30d":{"type":"image","settings":{"block_title":"","block_text":"","title_align":"left","image":"shopify:\/\/shop_images\/banner-img-1.jpg","item_width":"3","item_width_t":"6","item_width_m":"12","inset_item_block":"0px 0px 0px 15px","use_bgo":false,"bg_color":"","bg_color_opacity":0.5,"inset_caption":"0px 0px 0px 0px","br_img":"0px 0px 0px 0px"}},"eb253d47-996b-408c-a015-b8d0dbb23cc5":{"type":"rich_text","settings":{"block_title":"","block_text":"","title_align":"center","item_width":"3","item_width_t":"6","item_width_m":"12","offset_item_block":"0px 0px 0px -40px","offset_top_item_block":2,"h_cpos":"center","v_cpos":"center","use_bgo":true,"bg_color":"#f1ebdf","bg_color_opacity":1,"inverted":false,"textalign_pos":"center","item_title":"<p>GET UP TO 50% OFF BIG BRANDS<\/p>","color_title":"#121212","item_subtitle":"","color_subtitle":"#121212","item_text":"","color_text":"#797b7e","custom_heading":"","color_ch":"#797b7e","caption_size":"small","inset_caption":"5% 7% 5% 7%","item_link":"#","link_text":"Shop now","btn_style":"link-default","btn_size":"btn-md"}},"140832c2-69e1-4fc5-b1f3-a2c96fcf195c":{"type":"image","settings":{"block_title":"","block_text":"","title_align":"left","image":"shopify:\/\/shop_images\/banner-img-2.jpg","item_width":"3","item_width_t":"6","item_width_m":"12","inset_item_block":"0px 0px 0px 20px","use_bgo":false,"bg_color":"","bg_color_opacity":0.5,"inset_caption":"0px 0px 0px 0px","br_img":"0px 0px 0px 0px"}},"1d75497e-082c-4d25-b077-6b261a04db3d":{"type":"rich_text","settings":{"block_title":"","block_text":"","title_align":"left","item_width":"3","item_width_t":"6","item_width_m":"12","offset_item_block":"0px 0px 0px -40px","offset_top_item_block":2,"h_cpos":"center","v_cpos":"center","use_bgo":true,"bg_color":"#121212","bg_color_opacity":1,"inverted":true,"textalign_pos":"center","item_title":"<p>SUMMER FINDS FROM $5.99<\/p>","color_title":"#121212","item_subtitle":"","color_subtitle":"#121212","item_text":"","color_text":"#797b7e","custom_heading":"","color_ch":"#797b7e","caption_size":"small","inset_caption":"5% 5% 5% 5%","item_link":"#","link_text":"Shop now","btn_style":"link-default","btn_size":"btn-md"}}},"block_order":["af803368-878f-42b4-a72d-34b99403c30d","eb253d47-996b-408c-a015-b8d0dbb23cc5","140832c2-69e1-4fc5-b1f3-a2c96fcf195c","1d75497e-082c-4d25-b077-6b261a04db3d"],"settings":{"section_title":"","section_subtitle":"","sec_title_align":"left","container_width":"container-fluid","bg_section":"#ffffff","inset_section":"0px 0px 0px 0px","offset_section":"0px 0px 0px 0px","reset_indent":false}},"1658390125853daab4":{"type":"index-megamosaic","blocks":{"c0d81b0a-a016-4e64-8309-cbfb957b736c":{"type":"lookbook","settings":{"block_title":"","block_text":"","title_align":"left","item_width":"6","item_width_t":"6","item_width_m":"12","inset_item_block":"0px 0px 0px 0px","offset_top_item_block":2,"image":"shopify:\/\/shop_images\/lookbook_image.png","item_product_1":"stone-pique-collared-zip-front-polo-top","item_x_1":23,"item_y_1":24,"item_horizontal_align_1":"right","item_vertical_align_1":"top","item_product_2":"rust-high-neck-frill-smock-dress","item_x_2":68,"item_y_2":19,"item_horizontal_align_2":"left","item_vertical_align_2":"bottom","item_product_3":"imitation-leather-handbag","item_x_3":27,"item_y_3":87,"item_horizontal_align_3":"right","item_vertical_align_3":"top","item_product_4":"baguette-bag","item_x_4":77,"item_y_4":79,"item_horizontal_align_4":"left","item_vertical_align_4":"top"}},"16583901247f829c07-1":{"type":"banner","settings":{"block_title":"","block_text":"","title_align":"left","image":"shopify:\/\/shop_images\/banner-img-3.jpg","item_width":"6","item_width_t":"6","item_width_m":"12","offset_top_item_block":2,"banner_style":"overlay","off_overlay_mobile":false,"use_bgb":false,"bgb_color":"","bgb_color_opacity":0.5,"inset_block":"0 0 0 0","use_bottom_offset_mobile":true,"margin_bottom":30,"use_bgo":false,"bg_color":"","bg_color_opacity":0.5,"inverted":false,"h_cpos":"start","v_cpos":"end","reverse_cpos":"flex-column","textalign_pos":"left","item_title":"<p><strong>30% off<\/strong><\/p><p>Everything<\/p>","color_title":"#121212","item_subtitle":"<p>Biggest deals<\/p>","color_subtitle":"#121212","item_text":"","color_text":"#797b7e","custom_heading":"","color_ch":"#797b7e","caption_size":"large","inset_caption":"6% 7% 8% 8%","item_link":"shopify:\/\/collections","link_text":"Shop now","link_type_banner":true,"btn_style":"btn-primary","btn_size":"btn-md","margin_title":20,"margin_text":15,"margin_btn":20,"custom_class":""}}},"block_order":["c0d81b0a-a016-4e64-8309-cbfb957b736c","16583901247f829c07-1"],"settings":{"section_title":"","section_subtitle":"","sec_title_align":"left","container_width":"container-fluid","bg_section":"#ffffff","inset_section":"0px 0px 0px 0px","offset_section":"20px 0px 0px 0px","reset_indent":false}},"165841807936a5927a":{"type":"index-divider","settings":{"section_view":"container","type_value":"vw","padding_top":54,"padding_bottom":46,"padding_top_vw":3,"padding_bottom_vw":3.1,"margin_top":0,"margin_bottom":0,"background_color":"","tablet_padding_top":20,"tablet_padding_bottom":20,"tablet_margin_top":0,"tablet_margin_bottom":0}},"1658394616c2de5412":{"type":"index-collection-list-links","settings":{"container_width":"container","inset_section":"0px 0px 0px 0px","offset_section":"0px 0px 0px 0px","bg_section":"#ffffff","item_heading":"<p>Trending right now<\/p>","heading_color":"#121212","links":"collections-linklist","use_button":true,"btn_style":"btn-default","btn_size":"btn-lg"}},"16584180737dabcaff":{"type":"index-divider","settings":{"section_view":"container","type_value":"vw","padding_top":58,"padding_bottom":53,"padding_top_vw":3.1,"padding_bottom_vw":3.1,"margin_top":0,"margin_bottom":0,"background_color":"","tablet_padding_top":29,"tablet_padding_bottom":0,"tablet_margin_top":30,"tablet_margin_bottom":0}},"162997227580d58322":{"type":"index-cms-block","blocks":{"162997227580d58322-2":{"type":"item","settings":{"width":"4","bg_block":"rgba(0,0,0,0)","inset_block":"0px 0px 0px 0px","inset_text":"20px 20px 20px 20px","item_pos":"top","content_pos":"center","content_align":"center","title":"","text":"<p>Enjoy free shipping on orders $50 and over<\/p>","link_text":"","link":"","use_lb":false,"use_image":false,"wid":"","icon_type":"svg_code","code":"","icon_width":60,"icon_height":60}},"162997227580d58322-0":{"type":"item","settings":{"width":"4","bg_block":"rgba(0,0,0,0)","inset_block":"0px 0px 0px 0px","inset_text":"20px 20px 20px 20px","item_pos":"top","content_pos":"center","content_align":"center","title":"","text":"<p>FREE RETURN  30 days money back guarantee!<\/p>","link_text":"","link":"","use_lb":false,"use_image":false,"wid":"","icon_type":"svg_code","code":"","icon_width":60,"icon_height":60}},"162997227580d58322-1":{"type":"item","settings":{"width":"4","bg_block":"rgba(0,0,0,0)","inset_block":"0px 0px 0px 0px","inset_text":"20px 20px 20px 20px","item_pos":"top","content_pos":"center","content_align":"center","title":"","text":"<p>SECURE PAYMENTS  100% Secure Payments<\/p>","link_text":"","link":"","use_lb":false,"use_image":false,"wid":"","icon_type":"svg_code","code":"","icon_width":60,"icon_height":60}}},"block_order":["162997227580d58322-2","162997227580d58322-0","162997227580d58322-1"],"settings":{"section_title":"","desc":"","container_width":"full-width","reset_indent":false,"bg_section":"#f1ebdf","inset_section":"50px 0px 40px 0px","offset_section":"0px 0px 0px 0px"}}},"order":["16583336102ca6c3fc","1627899736175f45d2","16369903551b1e467b","162789991534a793f2","16583469703df44a18","1637054846a13d336f","165833560146a64d30","16583393129c9899ff","162945910130dbf1bc","1637048741b2ccd8d9","16583487737e6736e0","1658390125853daab4","165841807936a5927a","1658394616c2de5412","16584180737dabcaff","162997227580d58322"]}