{"sections":{"main":{"type":"main-product","blocks":{"1570618849665":{"type":"reviews","settings":{"title":"Reviews"}},"1524829489002":{"type":"all_tab","settings":{"title":"Delivery Info","content":"","page":"terms-of-service"}},"b07b8816-c948-4fec-9bb2-6e1d72fb6e3d":{"type":"pr_avalreview","settings":{"product_reviews":false,"product_available":false}},"e485b1c7-2a7b-4623-9353-349e7aaa9572":{"type":"pr_title","settings":{}},"66a177fb-db72-4eaa-8569-d9c669955756":{"type":"all_tab","settings":{"title":"Product details","content":"","page":"product-details"}},"25940a2a-5fec-4824-82fa-cc251168fbc8":{"type":"pr_price","settings":{}},"dd595c6c-50d9-4a27-ae72-1377441fa922":{"type":"pr_variant_picker","settings":{"swatch_type":"swatch_buttons","sw_c_type":"sw_bi","show_size_chart":true}},"c8222f8f-0f33-4183-802d-0a30ec77fe7b":{"type":"pr_short_descriprtion","settings":{}},"4379c5a0-a21d-42d1-9c57-54b89f7a9923":{"type":"pr_quantity_and_btn","settings":{"show_compare_button":true,"show_wishlist_button":true}},"29c1ccc3-2de2-407a-9929-ea04fcf0e23d":{"type":"pr_notify_button","settings":{}},"4e0319fa-0bfb-4227-bde5-df6747003c41":{"type":"pr_add_to_cart","settings":{"show_bit_button":true}},"8e485c64-e42e-4450-93df-6268035aec6e":{"type":"pr_info","settings":{"show_sku":true,"show_vendor":true,"show_product_types":true,"show_barcode":true,"show_weight":false,"show_tags":true,"show_collections":true}},"a7985521-618a-43a1-bc6a-53a9d1564eb9":{"type":"pr_share","settings":{}}},"block_order":["1570618849665","1524829489002","b07b8816-c948-4fec-9bb2-6e1d72fb6e3d","e485b1c7-2a7b-4623-9353-349e7aaa9572","66a177fb-db72-4eaa-8569-d9c669955756","25940a2a-5fec-4824-82fa-cc251168fbc8","dd595c6c-50d9-4a27-ae72-1377441fa922","c8222f8f-0f33-4183-802d-0a30ec77fe7b","4379c5a0-a21d-42d1-9c57-54b89f7a9923","29c1ccc3-2de2-407a-9929-ea04fcf0e23d","4e0319fa-0bfb-4227-bde5-df6747003c41","8e485c64-e42e-4450-93df-6268035aec6e","a7985521-618a-43a1-bc6a-53a9d1564eb9"],"settings":{"container_width":"container","bg_section":"#ffffff","inset_section":"0px 0px 0px 0px","offset_section":"0px 0px 0px 0px","product_view_type":"carousel-big","pr_image_ratio":"portrait","product_image_alignment":"center","bg_prodthumb":"#f2f3f5","use_border_thumbs":false,"use_pg_sticky":true,"product_description_type":"tab-content","pr_description_as":"content_tab_collapse","open_descr_collapse":false,"pg_itemview":5,"pg_spacebi":10,"pg_pag":true,"pg_nav":true,"pg_fraction":true,"pg_thumbshide":false,"pg_itembigview":3,"pg_spacebbigi":0,"pg_spacebtilei":10,"use_filter_color_thumbs":false,"pg_tileitemview":4,"use_more_image":false,"pg_simpletile":"5","pg_zoom":false,"pg_zoom_levelscale":1.4,"pg_modalgallery":true,"pg_modal_mainthumb":"rectangle","pg_modalthumb_w":68,"pg_modalthumb_h":85}},"section-product-recommendations":{"type":"section-product-recommendations","settings":{"container_width":"container","bg_section":"#ffffff","inset_section":"0px 0px 0px 0px","offset_section":"0px 0px 0px 0px","max_limit":8,"related_type":"related","related_title":"Related Products"}}},"order":["main","section-product-recommendations"]}