{"sections":{"b17593c5-a13d-418e-a590-026df0a28109":{"type":"index-divider","settings":{"section_view":"container","type_value":"vw","padding_top":80,"padding_bottom":80,"padding_top_vw":1.5,"padding_bottom_vw":1.5,"margin_top":0,"margin_bottom":0,"background_color":"","tablet_padding_top":20,"tablet_padding_bottom":20,"tablet_margin_top":0,"tablet_margin_bottom":0}},"main":{"type":"main-404","settings":{"image":"shopify:\/\/shop_images\/banner-24.jpg","use_bg":true}},"53cf6734-cc4d-4036-be51-c27460c8df70":{"type":"index-divider","settings":{"section_view":"container","type_value":"vw","padding_top":80,"padding_bottom":80,"padding_top_vw":3.8,"padding_bottom_vw":4.2,"margin_top":0,"margin_bottom":0,"background_color":"","tablet_padding_top":20,"tablet_padding_bottom":20,"tablet_margin_top":0,"tablet_margin_bottom":0}}},"order":["b17593c5-a13d-418e-a590-026df0a28109","main","53cf6734-cc4d-4036-be51-c27460c8df70"]}