{"sections":{"main":{"type":"main-blog","blocks":{"f56d494f-1d08-4e86-bfc0-9611689e9c46":{"type":"blog_search","settings":{"search_title":"Search blog"}},"aec65984-c08e-4f17-a55e-f81532685c3a":{"type":"link-list","settings":{"block_title":"Link lists","links":"your-account"}},"0ff163a7-029f-4417-8f7f-902da53402a4":{"type":"resent_articles","settings":{"title":"Resent post"}},"e40b7955-3f19-464d-a49c-3536edf8abf8":{"type":"blog_tags","settings":{"title":"Blog tags"}},"c2515a69-4ee9-4df5-bf07-1f7f1e1a50a1":{"type":"widget_banner","settings":{"image":"shopify:\/\/shop_images\/Group_779.jpg","title":"Final Sale! <br> -15% OFF","text":"SHOP NOW","link":"shopify:\/\/collections","caption_position":"top"}}},"block_order":["f56d494f-1d08-4e86-bfc0-9611689e9c46","aec65984-c08e-4f17-a55e-f81532685c3a","0ff163a7-029f-4417-8f7f-902da53402a4","e40b7955-3f19-464d-a49c-3536edf8abf8","c2515a69-4ee9-4df5-bf07-1f7f1e1a50a1"],"settings":{"layout":"right_column","type_blog":"grid","width_item":"col-xl-6","column_masonry_item":"3","blog_template_title":"Blog","pagination_count":"9","caption_absolute":false,"blog_caption_position":"center","textalign_pos":"left","blog_show_info":true,"blog_show_tags":false,"blog_show_author":true,"blog_show_date":true,"inverted":false,"desc_none":true,"show_comments":true,"link_style":"link","blog_image_ratio":"portrait-thumb","hide_img":false,"use_blog_image_overlay":false,"blog_image_color":"#121212","blog_image_color_opacity":0.4}}},"order":["main"]}