{"sections":{"template-collection":{"type":"main-collection","blocks":{"ea16d3dc-6245-43cf-9e81-22a3a24774b1":{"type":"widget_collections","settings":{"title":"Collections","widget_open_toggle":true}},"f3eebb10-e33c-4e48-9d54-f656a6282e37":{"type":"widget_filter","settings":{"title":"","widget_open_toggle":true}},"c2f2d0fe-c7a9-43b1-9fe1-0d0b1aa08b7b":{"type":"widget_search","settings":{"title":"Sidebar Search"}},"177bc111-e532-4a87-a80a-be80c60a187e":{"type":"widget_products","settings":{"title":"Products","products_collections":"accessories"}},"482406a8-f025-4f19-9e4e-0a068f5ca8c5":{"type":"widget_banner","settings":{"image":"shopify:\/\/shop_images\/Rectangle_225.jpg","title":"Final Sale! -15% OFF","text":"shop now","link":"shopify:\/\/collections"}}},"block_order":["ea16d3dc-6245-43cf-9e81-22a3a24774b1","f3eebb10-e33c-4e48-9d54-f656a6282e37","c2f2d0fe-c7a9-43b1-9fe1-0d0b1aa08b7b","177bc111-e532-4a87-a80a-be80c60a187e","482406a8-f025-4f19-9e4e-0a068f5ca8c5"],"settings":{"sidebar_collection_toggle":true,"sidebar_collection_position":"sidebar_left","enable_filter_column":true,"enable_filtering":true,"enable_sorting":true,"enable_viewing":true,"collapse_on_larger_devices":false,"side_collapse_filter":"right","type_price_range":"only_input","use_button_filter":false,"round_color_pick":true,"items_per_page":"9","use_info":true,"container_width":"container","bg_section":"rgba(0,0,0,0)","inset_section":"0","offset_section":"0.5rem 0px 2rem 0px","info_style":"style_3","img_column":"3","descr_column":"7","descr_align_column":"align-left","collection_desc_toggle":true,"collection_tags_toggle":false,"collection_image_toggle":true,"tags_option":"tag_img","products_collection":"accessories","type_image_col":"def_size_image","caption_inverted":false,"custom_collection_class":"","collection_img_alignment":"center"}}},"order":["template-collection"]}