{"sections":{"template-collection":{"type":"main-collection","blocks":{"ea16d3dc-6245-43cf-9e81-22a3a24774b1":{"type":"widget_collections","settings":{"title":"Sidebar Collections","widget_open_toggle":true}},"0fc8310b-4121-4970-9753-af2f3038df87":{"type":"widget_filter","settings":{"title":"","widget_open_toggle":true}},"c2f2d0fe-c7a9-43b1-9fe1-0d0b1aa08b7b":{"type":"widget_search","settings":{"title":"Sidebar Search"}},"177bc111-e532-4a87-a80a-be80c60a187e":{"type":"widget_products","settings":{"title":"Products","products_collections":"knickers"}},"9dfc57d5-c800-41d0-a9f2-231d8171a079":{"type":"widget_banner","settings":{"image":"shopify:\/\/shop_images\/Group_778.jpg","title":"Final Sale! <br> -15% OFF","text":"<p>SHOP NOW<\/p>","link":"shopify:\/\/collections\/all"}},"51d4e885-33b7-4d39-9011-5fb91118bb7c":{"type":"Banner","settings":{"col_banner_height":"large","col_title":"<p>New Arrivals<\/p>","col_text":"Get up to 20% off","col_link":"shopify:\/\/collections","col_link_text":"shop now"}},"c215670a-f18a-46b4-8703-59f4aa30bb22":{"type":"tag_image","settings":{"tag_text":"red"}}},"block_order":["ea16d3dc-6245-43cf-9e81-22a3a24774b1","0fc8310b-4121-4970-9753-af2f3038df87","c2f2d0fe-c7a9-43b1-9fe1-0d0b1aa08b7b","177bc111-e532-4a87-a80a-be80c60a187e","9dfc57d5-c800-41d0-a9f2-231d8171a079","51d4e885-33b7-4d39-9011-5fb91118bb7c","c215670a-f18a-46b4-8703-59f4aa30bb22"],"settings":{"sidebar_collection_toggle":true,"sidebar_collection_position":"sidebar_left","enable_filter_column":true,"enable_filtering":true,"enable_sorting":true,"enable_viewing":true,"collapse_on_larger_devices":false,"side_collapse_filter":"left","type_price_range":"only_slider","use_button_filter":false,"round_color_pick":true,"items_per_page":"6","use_info":true,"container_width":"full_width","bg_section":"rgba(0,0,0,0)","inset_section":"0","offset_section":"0px 0px 3.3% 0px","info_style":"style_3","img_column":"3","descr_column":"7","descr_align_column":"start-left","collection_desc_toggle":true,"collection_tags_toggle":false,"collection_image_toggle":true,"tags_option":"tag_test","products_collection":"accessories","type_image_col":"def_size_image","caption_inverted":false,"custom_collection_class":"","collection_img_alignment":"center"}},"904c6d62-b998-459f-8f25-5151c578f69e":{"type":"section-single-product","blocks":{"template--15626095624249__904c6d62-b998-459f-8f25-5151c578f69e-16651523631d2f53dd-0":{"type":"pr_title","settings":{}},"template--15626095624249__904c6d62-b998-459f-8f25-5151c578f69e-16651523631d2f53dd-1":{"type":"pr_price","settings":{}},"template--15626095624249__904c6d62-b998-459f-8f25-5151c578f69e-16651523631d2f53dd-2":{"type":"pr_variant_picker","settings":{"swatch_type":"swatch_buttons","sw_c_type":"sw_bc","show_size_chart":true}},"template--15626095624249__904c6d62-b998-459f-8f25-5151c578f69e-16651523631d2f53dd-3":{"type":"pr_add_to_cart","settings":{"show_bit_button":true}}},"block_order":["template--15626095624249__904c6d62-b998-459f-8f25-5151c578f69e-16651523631d2f53dd-0","template--15626095624249__904c6d62-b998-459f-8f25-5151c578f69e-16651523631d2f53dd-1","template--15626095624249__904c6d62-b998-459f-8f25-5151c578f69e-16651523631d2f53dd-2","template--15626095624249__904c6d62-b998-459f-8f25-5151c578f69e-16651523631d2f53dd-3"],"settings":{"container_width":"container","bg_section":"#ffffff","inset_section":"0px 0px 0px 0px","offset_section":"0px 0px 0px 0px","single_product":"","inverted":false,"product_view_type":"carousel-vertical","pr_image_ratio":"adapt","product_image_alignment":"center","bg_prodthumb":"#f2f3f5","use_border_thumbs":true,"use_pg_sticky":true,"product_description_type":"tab-content","pr_description_as":"content_tab_collapse","pg_itemview":5,"pg_spacebi":10,"pg_pag":true,"pg_nav":true,"pg_fraction":true,"pg_thumbshide":false,"pg_itemviewV":5,"pg_spacebiV":10,"pg_pagV":true,"pg_navV":true,"pg_fractionV":true,"pg_zoom":true,"pg_zoom_levelscale":1.5,"pg_modalgallery":true,"pg_modal_mainthumb":"square","pg_modalthumb_w":68,"pg_modalthumb_h":85}}},"order":["template-collection","904c6d62-b998-459f-8f25-5151c578f69e"]}