{"sections":{"main":{"type":"main-page","settings":{}},"26c062ca-ec37-473e-b357-8a07b749936d":{"type":"index-divider","settings":{"section_view":"container","type_value":"vw","padding_top":80,"padding_bottom":80,"padding_top_vw":1.5,"padding_bottom_vw":1.5,"margin_top":0,"margin_bottom":0,"background_color":"","tablet_padding_top":20,"tablet_padding_bottom":20,"tablet_margin_top":0,"tablet_margin_bottom":0}},"1662650925663bbbab":{"type":"index-lookbook","blocks":{"16626509253df8557b-0":{"type":"image","settings":{"image_column":"12","offset_block_top":"0","image":"shopify:\/\/shop_images\/lookbook.jpg","item_product_1":"blue-floral-mini-smock-dress","item_x_1":81,"item_y_1":44,"item_product_2":"baguette-bag","item_x_2":50,"item_y_2":72,"item_product_3":"","item_x_3":85,"item_y_3":60,"item_product_4":"","item_x_4":12,"item_y_4":50}}},"block_order":["16626509253df8557b-0"],"settings":{"container_width":"container","reset_indent":false,"section_title":"2022 Lookbook Collection","text_title":"Use a Shopify Theme that supports lookbooks","inset_section":"0px 0px 0px 0px","offset_section":"0px 0px 0px 0px","bg_section":"#ffffff","carousel_view":false,"items_view":"1","show_product_list":false,"off_carousel_nav":false,"out_nav":false,"off_carousel_pag":false,"product_style":"style_2"}},"1663352157bfe06ef0":{"type":"index-lookbook-carousel","blocks":{"1663352157897dc1f1-0":{"type":"lookbook","settings":{"reverse_block":false,"offset_block_top":"50px","image":"shopify:\/\/shop_images\/Rectangle_40_9f449c84-2b9c-4400-be99-ec1a5033b54d.jpg","item_product_1":"imitation-leather-handbag","item_x_1":36,"item_y_1":81,"item_product_2":"stone-pique-collared-zip-front-polo-top","item_x_2":66,"item_y_2":43,"item_product_3":"","item_x_3":50,"item_y_3":50,"item_product_4":"","item_x_4":50,"item_y_4":50,"item_product_5":"","item_x_5":50,"item_y_5":50}},"1663352157897dc1f1-1":{"type":"lookbook","settings":{"reverse_block":true,"offset_block_top":"50px","image":"shopify:\/\/shop_images\/banner-img-1.jpg","item_product_1":"black-canvas-stripe-sole-trainer","item_x_1":65,"item_y_1":43,"item_product_2":"khaki-hooded-puffer-jacket","item_x_2":33,"item_y_2":78,"item_product_3":"","item_x_3":50,"item_y_3":50,"item_product_4":"","item_x_4":50,"item_y_4":50,"item_product_5":"","item_x_5":50,"item_y_5":50}}},"block_order":["1663352157897dc1f1-0","1663352157897dc1f1-1"],"settings":{"container_width":"container","section_title":"","text_title":"","inset_section":"0px 0px 0px 0px","offset_section":"0px 0px 0px 0px","bg_section":"#ffffff"}},"1663352597d6a8ca97":{"type":"index-divider","settings":{"section_view":"container","type_value":"px","padding_top":50,"padding_bottom":0,"padding_top_vw":0.9,"padding_bottom_vw":0.8,"margin_top":0,"margin_bottom":0,"background_color":"","tablet_padding_top":25,"tablet_padding_bottom":25,"tablet_margin_top":0,"tablet_margin_bottom":0}},"1663352592ec576ebc":{"type":"index-lookbook","blocks":{"1663352592071d1814-0":{"type":"image","settings":{"image_column":"6","offset_block_top":"0","image":"shopify:\/\/shop_images\/lookbook8.jpg","item_product_1":"blue-overdyed-munich-logo-t-shirt","item_x_1":33,"item_y_1":36,"item_product_2":"","item_x_2":65,"item_y_2":71,"item_product_3":"","item_x_3":50,"item_y_3":50,"item_product_4":"","item_x_4":50,"item_y_4":50}},"1663352592071d1814-1":{"type":"image","settings":{"image_column":"6","offset_block_top":"0","image":"shopify:\/\/shop_images\/lookbook9.jpg","item_product_1":"rust-high-neck-frill-smock-dress","item_x_1":57,"item_y_1":32,"item_product_2":"","item_x_2":43,"item_y_2":52,"item_product_3":"","item_x_3":50,"item_y_3":50,"item_product_4":"","item_x_4":50,"item_y_4":50}},"e33a30dd-bc2f-42c2-af72-ea53efc443be":{"type":"image","settings":{"image_column":"6","offset_block_top":"0","image":"shopify:\/\/shop_images\/Rectangle_203.jpg","item_product_1":"red-suedette-bow-heeled-shoe-boots","item_x_1":25,"item_y_1":84,"item_product_2":"","item_x_2":50,"item_y_2":50,"item_product_3":"","item_x_3":50,"item_y_3":50,"item_product_4":"","item_x_4":50,"item_y_4":50}}},"block_order":["1663352592071d1814-0","1663352592071d1814-1","e33a30dd-bc2f-42c2-af72-ea53efc443be"],"settings":{"container_width":"container","reset_indent":false,"section_title":"","text_title":"","inset_section":"0px 0px 0px 0px","offset_section":"0px 0px 0px 0px","bg_section":"#ffffff","carousel_view":true,"items_view":"2","show_product_list":false,"off_carousel_nav":false,"out_nav":true,"off_carousel_pag":false,"product_style":"style_1"}}},"order":["main","26c062ca-ec37-473e-b357-8a07b749936d","1662650925663bbbab","1663352157bfe06ef0","1663352597d6a8ca97","1663352592ec576ebc"]}