{"sections":{"1661937765bbbe6557":{"type":"index-lookbook","blocks":{"1661937764d042f1a3-0":{"type":"image","settings":{"image_column":"6","offset_block_top":"0","image":"shopify:\/\/shop_images\/slide-1_lb.jpg","item_product_1":"khaki-hooded-puffer-jacket","item_x_1":39,"item_y_1":55,"item_product_2":"stone-pique-collared-zip-front-polo-top","item_x_2":55,"item_y_2":29,"item_product_3":"","item_x_3":50,"item_y_3":50,"item_product_4":"","item_x_4":50,"item_y_4":50}},"1661937764d042f1a3-1":{"type":"image","settings":{"image_column":"6","offset_block_top":"0","image":"shopify:\/\/shop_images\/slide-2_lb.jpg","item_product_1":"anissa_kermiche_14_karat_gold_multi_stone_ear_cuff","item_x_1":41,"item_y_1":50,"item_product_2":"baguette-bag","item_x_2":85,"item_y_2":35,"item_product_3":"stone-pique-collared-zip-front-polo-top","item_x_3":78,"item_y_3":64,"item_product_4":"imitation-leather-handbag","item_x_4":13,"item_y_4":40}},"5b430bda-144e-4453-ba40-b54a55e3b9ee":{"type":"image","settings":{"image_column":"6","offset_block_top":"0","image":"shopify:\/\/shop_images\/slide-3_lb.jpg","item_product_1":"khaki-hooded-puffer-jacket","item_x_1":32,"item_y_1":41,"item_product_2":"stone-pique-collared-zip-front-polo-top","item_x_2":77,"item_y_2":50,"item_product_3":"","item_x_3":50,"item_y_3":50,"item_product_4":"","item_x_4":50,"item_y_4":50}}},"block_order":["1661937764d042f1a3-0","1661937764d042f1a3-1","5b430bda-144e-4453-ba40-b54a55e3b9ee"],"settings":{"container_width":"full-width","reset_indent":false,"section_title":"","text_title":"","inset_section":"0px 0px 0px 0px","offset_section":"0px 0px 0px 0px","bg_section":"#ffffff","carousel_view":true,"items_view":"1","show_product_list":true,"off_carousel_nav":false,"out_nav":false,"off_carousel_pag":false,"product_style":"style_1"}},"1627899736175f45d2":{"type":"index-divider","settings":{"section_view":"boxed","type_value":"vw","padding_top":30,"padding_bottom":30,"padding_top_vw":3.1,"padding_bottom_vw":3.1,"margin_top":0,"margin_bottom":0,"background_color":"","tablet_padding_top":20,"tablet_padding_bottom":20,"tablet_margin_top":0,"tablet_margin_bottom":0}},"16626218144a5046a3":{"type":"index-lookbook-carousel","blocks":{"166262181443c84d86-0":{"type":"lookbook","settings":{"reverse_block":false,"offset_block_top":"0","image":"shopify:\/\/shop_images\/banner-1_lb.jpg","item_product_1":"little-mistress-black-studded-stiletto-heel-sandals","item_x_1":51,"item_y_1":87,"item_product_2":"baguette-bag","item_x_2":40,"item_y_2":21,"item_product_3":"","item_x_3":50,"item_y_3":50,"item_product_4":"","item_x_4":50,"item_y_4":50,"item_product_5":"","item_x_5":50,"item_y_5":50}}},"block_order":["166262181443c84d86-0"],"settings":{"container_width":"container","section_title":"","text_title":"","inset_section":"0px 0px 0px 0px","offset_section":"0px 0px 0px 0px","bg_section":"#ffffff"}},"162789991534a793f2":{"type":"index-divider","settings":{"section_view":"boxed","type_value":"vw","padding_top":50,"padding_bottom":0,"padding_top_vw":3.1,"padding_bottom_vw":3.1,"margin_top":0,"margin_bottom":0,"background_color":"","tablet_padding_top":40,"tablet_padding_bottom":0,"tablet_margin_top":0,"tablet_margin_bottom":0}},"166262204364e56992":{"type":"index-lookbook","blocks":{"1662622043e1ee5f88-0":{"type":"image","settings":{"image_column":"12","offset_block_top":"0","image":"shopify:\/\/shop_images\/banner-2_lb.jpg","item_product_1":"blue-ditsy-floral-high-neck-mini-dress","item_x_1":9,"item_y_1":37,"item_product_2":"khaki-hooded-puffer-jacket","item_x_2":40,"item_y_2":30,"item_product_3":"baguette-bag","item_x_3":83,"item_y_3":39,"item_product_4":"","item_x_4":50,"item_y_4":50}},"1662622043e1ee5f88-1":{"type":"image","settings":{"image_column":"12","offset_block_top":"0","image":"shopify:\/\/shop_images\/banner-3_lb.jpg","item_product_1":"blue-overdyed-munich-logo-t-shirt","item_x_1":29,"item_y_1":25,"item_product_2":"black-canvas-stripe-sole-trainer","item_x_2":57,"item_y_2":63,"item_product_3":"","item_x_3":50,"item_y_3":50,"item_product_4":"","item_x_4":50,"item_y_4":50}}},"block_order":["1662622043e1ee5f88-0","1662622043e1ee5f88-1"],"settings":{"container_width":"full-width","reset_indent":false,"section_title":"","text_title":"","inset_section":"0px 0px 0px 0px","offset_section":"0px 0px 0px 0px","bg_section":"#ffffff","carousel_view":false,"items_view":"1","show_product_list":false,"off_carousel_nav":false,"out_nav":false,"off_carousel_pag":false,"product_style":"style_1"}},"1637054846a13d336f":{"type":"index-divider","settings":{"section_view":"boxed","type_value":"vw","padding_top":30,"padding_bottom":0,"padding_top_vw":3.1,"padding_bottom_vw":3.1,"margin_top":0,"margin_bottom":0,"background_color":"","tablet_padding_top":29,"tablet_padding_bottom":30,"tablet_margin_top":0,"tablet_margin_bottom":0}},"166262371178197cb8":{"type":"index-lookbook","blocks":{"1662623711425f5ec5-0":{"type":"image","settings":{"image_column":"6","offset_block_top":"0","image":"shopify:\/\/shop_images\/Rectangle_221.jpg","item_product_1":"stone-pique-collared-zip-front-polo-top","item_x_1":27,"item_y_1":62,"item_product_2":"","item_x_2":50,"item_y_2":50,"item_product_3":"","item_x_3":50,"item_y_3":50,"item_product_4":"","item_x_4":50,"item_y_4":50}},"1662623711425f5ec5-1":{"type":"image","settings":{"image_column":"6","offset_block_top":"0","image":"shopify:\/\/shop_images\/Rectangle_222.jpg","item_product_1":"baguette-bag","item_x_1":64,"item_y_1":50,"item_product_2":"","item_x_2":50,"item_y_2":50,"item_product_3":"","item_x_3":50,"item_y_3":50,"item_product_4":"","item_x_4":50,"item_y_4":50}},"576a793a-bce3-456a-96b3-0f4941532f7e":{"type":"image","settings":{"image_column":"6","offset_block_top":"0","image":"shopify:\/\/shop_images\/Rectangle_223.jpg","item_product_1":"blue-overdyed-munich-logo-t-shirt","item_x_1":61,"item_y_1":39,"item_product_2":"","item_x_2":50,"item_y_2":50,"item_product_3":"","item_x_3":50,"item_y_3":50,"item_product_4":"","item_x_4":50,"item_y_4":50}},"259db205-4eea-4262-95ea-9d7187ee7db2":{"type":"image","settings":{"image_column":"6","offset_block_top":"0","image":"shopify:\/\/shop_images\/Rectangle_224.jpg","item_product_1":"blue-denim-pleated-tennis-skirt","item_x_1":35,"item_y_1":52,"item_product_2":"","item_x_2":50,"item_y_2":50,"item_product_3":"","item_x_3":50,"item_y_3":50,"item_product_4":"","item_x_4":50,"item_y_4":50}},"0bd94e25-a32c-4401-9591-c1b84c078a96":{"type":"image","settings":{"image_column":"6","offset_block_top":"0","image":"shopify:\/\/shop_images\/Rectangle_225.jpg","item_product_1":"dark-red-plain-short-sleeve-t-shirt","item_x_1":60,"item_y_1":42,"item_product_2":"","item_x_2":50,"item_y_2":50,"item_product_3":"","item_x_3":50,"item_y_3":50,"item_product_4":"","item_x_4":50,"item_y_4":50}},"b5535956-70f5-4961-9eb7-16db827acdae":{"type":"image","settings":{"image_column":"6","offset_block_top":"0","image":"shopify:\/\/shop_images\/Rectangle_226.jpg","item_product_1":"stone-pique-collared-zip-front-polo-top","item_x_1":60,"item_y_1":46,"item_product_2":"","item_x_2":50,"item_y_2":50,"item_product_3":"","item_x_3":50,"item_y_3":50,"item_product_4":"","item_x_4":50,"item_y_4":50}}},"block_order":["1662623711425f5ec5-0","1662623711425f5ec5-1","576a793a-bce3-456a-96b3-0f4941532f7e","259db205-4eea-4262-95ea-9d7187ee7db2","0bd94e25-a32c-4401-9591-c1b84c078a96","b5535956-70f5-4961-9eb7-16db827acdae"],"settings":{"container_width":"container","reset_indent":false,"section_title":"","text_title":"","inset_section":"0px 0px 0px 0px","offset_section":"0px 0px 0px 0px","bg_section":"#ffffff","carousel_view":true,"items_view":"3","show_product_list":false,"off_carousel_nav":false,"out_nav":true,"off_carousel_pag":false,"product_style":"style_2"}},"165841807936a5927a":{"type":"index-divider","settings":{"section_view":"container","type_value":"vw","padding_top":54,"padding_bottom":46,"padding_top_vw":3,"padding_bottom_vw":3.1,"margin_top":0,"margin_bottom":0,"background_color":"","tablet_padding_top":20,"tablet_padding_bottom":20,"tablet_margin_top":0,"tablet_margin_bottom":0}}},"order":["1661937765bbbe6557","1627899736175f45d2","16626218144a5046a3","162789991534a793f2","166262204364e56992","1637054846a13d336f","166262371178197cb8","165841807936a5927a"]}