{"sections":{"main":{"type":"main-page","disabled":true,"settings":{}},"1662650925663bbbab":{"type":"index-lookbook","blocks":{"16626509253df8557b-0":{"type":"image","settings":{"image_column":"12","offset_block_top":"0","image":"shopify:\/\/shop_images\/lookbook.jpg","item_product_1":"baguette-bag","item_x_1":50,"item_y_1":50,"item_product_2":"copy-of-black-leather-look-stud-chain-shoulder-bag","item_x_2":55,"item_y_2":74,"item_product_3":"","item_x_3":50,"item_y_3":50,"item_product_4":"","item_x_4":50,"item_y_4":50}}},"block_order":["16626509253df8557b-0"],"settings":{"container_width":"container","reset_indent":false,"section_title":"2021 Lookbook Collection","text_title":"Use a Shopify Theme that supports lookbooks","inset_section":"0px 0px 0px 0px","offset_section":"0px 0px 0px 0px","bg_section":"#ffffff","carousel_view":false,"items_view":"1","show_product_list":false,"off_carousel_nav":false,"out_nav":false,"off_carousel_pag":false,"product_style":"style_1"}},"1662651127aa5ca2e4":{"type":"index-lookbook","blocks":{"1662651126a1ab2dd1-0":{"type":"image","settings":{"image_column":"6","offset_block_top":"30","image":"shopify:\/\/shop_images\/lookbook-2.jpg","item_product_1":"black-chunky-platform-block-heel-chelsea-boots","item_x_1":33,"item_y_1":40,"item_product_2":"blue-ditsy-floral-high-neck-mini-dress","item_x_2":50,"item_y_2":71,"item_product_3":"","item_x_3":50,"item_y_3":50,"item_product_4":"","item_x_4":50,"item_y_4":50}},"1662651126a1ab2dd1-1":{"type":"image","settings":{"image_column":"6","offset_block_top":"30","image":"shopify:\/\/shop_images\/lookbook-3.jpg","item_product_1":"","item_x_1":50,"item_y_1":50,"item_product_2":"khaki-hooded-puffer-jacket","item_x_2":50,"item_y_2":50,"item_product_3":"","item_x_3":50,"item_y_3":50,"item_product_4":"","item_x_4":50,"item_y_4":50}}},"block_order":["1662651126a1ab2dd1-0","1662651126a1ab2dd1-1"],"settings":{"container_width":"container","reset_indent":false,"section_title":"","text_title":"","inset_section":"0px 0px 0px 0px","offset_section":"0px 0px 0px 0px","bg_section":"#ffffff","carousel_view":false,"items_view":"1","show_product_list":false,"off_carousel_nav":false,"out_nav":false,"off_carousel_pag":false,"product_style":"style_1"}},"16626513812bcd518a":{"type":"index-lookbook","blocks":{"1662651381f4db8705-0":{"type":"image","settings":{"image_column":"12","offset_block_top":"30","image":"shopify:\/\/shop_images\/slide-1_lb.jpg","item_product_1":"black-canvas-stripe-sole-trainer","item_x_1":36,"item_y_1":61,"item_product_2":"","item_x_2":50,"item_y_2":50,"item_product_3":"","item_x_3":50,"item_y_3":50,"item_product_4":"","item_x_4":50,"item_y_4":50}}},"block_order":["1662651381f4db8705-0"],"settings":{"container_width":"container","reset_indent":false,"section_title":"","text_title":"","inset_section":"0px 0px 0px 0px","offset_section":"0px 0px 0px 0px","bg_section":"#ffffff","carousel_view":false,"items_view":"1","show_product_list":false,"off_carousel_nav":false,"out_nav":false,"off_carousel_pag":false,"product_style":"style_2"}}},"order":["main","1662650925663bbbab","1662651127aa5ca2e4","16626513812bcd518a"]}