{"sections":{"main":{"type":"template-article","blocks":{"99482136-538e-4900-9762-f910c5e25f8e":{"type":"blog_search","settings":{"search_title":""}},"274ad297-41df-4f12-872d-db1c1e6c391f":{"type":"link-list","settings":{"block_title":"Categories list","links":"blog"}},"1e7965c7-80bb-4145-aba7-66fc6a381490":{"type":"resent_articles","settings":{"title":"Resent post"}},"11ebf7ae-5e43-4cbf-a767-35e5ba073cb5":{"type":"blog_tags","settings":{"title":"Blog tags"}},"3d5d08b9-eee5-4058-8bb6-5b14e387fa50":{"type":"widget_banner","settings":{"image":"shopify:\/\/shop_images\/img_11.jpg","banner_height":"large","title":"Final Sale! -15% OFF","text":"Shop now","link":"shopify:\/\/collections\/all","caption_position":"center"}}},"block_order":["99482136-538e-4900-9762-f910c5e25f8e","274ad297-41df-4f12-872d-db1c1e6c391f","1e7965c7-80bb-4145-aba7-66fc6a381490","11ebf7ae-5e43-4cbf-a767-35e5ba073cb5","3d5d08b9-eee5-4058-8bb6-5b14e387fa50"],"settings":{"img_size":"master","blog_show_info":true,"blog_show_author":true,"blog_show_date":true,"show_comments":true,"blog_show_tags":true,"sidebar_blog_toggle":true,"sidebar_blog_position":"sidebar_right","img_alignment":"center"}}},"order":["main"]}