{"sections":{"template-collection":{"type":"template-collection","blocks":{"9d8ed25b-ef60-4948-bc99-de2a17cd84f9":{"type":"widget_search","settings":{"title":"Sidebar Search"}},"eb791673-4894-4ead-b3e3-185ce0dd4e7b":{"type":"widget_collections","settings":{"title":"Collections","widget_open_toggle":true}},"84508fb1-574c-4c6c-ab97-dc7fb37ed10e":{"type":"widget_banner","settings":{"image":"shopify:\/\/shop_images\/img_16.jpg","banner_height":"medium","title":"<p>-20% OFF<\/p>","text":"View now","link":"shopify:\/\/collections\/earrings"}},"0e8fe486-4c73-4d81-a90e-aaa5e19780be":{"type":"widget_products","settings":{"title":"Products","products_collections":"watches"}}},"block_order":["9d8ed25b-ef60-4948-bc99-de2a17cd84f9","eb791673-4894-4ead-b3e3-185ce0dd4e7b","84508fb1-574c-4c6c-ab97-dc7fb37ed10e","0e8fe486-4c73-4d81-a90e-aaa5e19780be"],"settings":{"sidebar_collection_toggle":true,"sidebar_collection_position":"sidebar_left","enable_filter_column":false,"enable_filtering":false,"enable_sorting":true,"enable_viewing":true,"collapse_on_larger_devices":true,"side_collapse_filter":"left","type_price_range":"default","use_button_filter":true,"round_color_pick":false,"items_per_page":"12","use_info":false,"container_width":"full_width","bg_section":"rgba(0,0,0,0)","inset_section":"0","offset_section":"6.6% 0px 3.3% 0px","info_style":"style_2","img_column":"2","descr_column":"10","descr_align_column":"align-center","collection_desc_toggle":false,"collection_tags_toggle":false,"collection_image_toggle":false,"tags_option":"tag_test","products_collection":"watches","image":"shopify:\/\/shop_images\/img_19_d5f3147c-ffe9-4b88-bf4d-f36e001e3f45.png","bg_image":"shopify:\/\/shop_images\/img_19_d5f3147c-ffe9-4b88-bf4d-f36e001e3f45.png","type_image_col":"def_size_image","caption_inverted":false,"custom_collection_class":"","collection_img_alignment":"center"}}},"order":["template-collection"]}