{"sections":{"1652115288a8abd1bc":{"type":"index-image-with-text-overlay","blocks":{"7a80be0c-8762-4157-97b7-4aafa52d4d4c":{"type":"heading_h1","settings":{"heading_h1":"<p>Shop the New <\/p><p>Collection<\/p>","color":"#121212","indent_block":"0","inset_block":"0 0 0 0","offset_block":"5% 0 0 0","use_bgi":false,"bgc_color":"","bgc_color_opacity":0.5,"title_animation":"none"}},"16521152877be9b2a1-2":{"type":"text","settings":{"text":"<p>All watches are meticulously crafted by hand <\/p><p>using only the finest materials!<\/p><p><\/p>","text_size":"large","color":"#797b7e","inset_block":"0 0 0 0","offset_block":"15px 0 0 0","use_bgc":false,"bgc_color":"","bgc_color_opacity":0.5}},"16521152877be9b2a1-3":{"type":"button","settings":{"button_label":"explore collections","button_link":"shopify:\/\/collections\/watches","use_button":false,"btn_style":"btn-primary","btn_size":"btn-md","offset_block":"2.7rem 0 0 0"}}},"block_order":["7a80be0c-8762-4157-97b7-4aafa52d4d4c","16521152877be9b2a1-2","16521152877be9b2a1-3"],"settings":{"container_width":"full-width","inset_section":"0px 0px 0px 0px","offset_section":"0px 0px 0px 0px","bg_section":"#ffffff","padding_desktop":350,"padding_mobile":175,"image":"shopify:\/\/shop_images\/sk2-banner1_0ea1a6b9-d4e8-4fad-9949-9952f65720d9.jpg","bg_pos_mobile":50,"use_bgo":false,"bg_color":"","bg_color_opacity":0.5,"parallax":false,"padding_parallax_desktop":500,"bg_animation":"kenburns-top","caption_align":"left","text_align":"left","vertical_alignment":"center","inverted":true,"use_bgc":false,"caption_bg_color":"","caption_bg_color_opacity":0.5,"inset_caption":"4% 3% 4% 0","offset_caption":"0 0 0 0","caption_animation":"none"}},"16518288800f3bcb20":{"type":"index-banners","blocks":{"1651828879a1cdf641-0":{"type":"banner","settings":{"image":"shopify:\/\/shop_images\/sk2-banner2_ce1ec505-92e3-4bda-937f-ca595d91d482.jpg","width":"4","banner_style":"overlay","off_overlay_mobile":false,"use_bgb":false,"bgb_color":"","bgb_color_opacity":0.5,"inset_block":"0 0 0 0","use_bottom_offset_mobile":true,"margin_bottom":30,"use_bgo":false,"bg_color":"","bg_color_opacity":0.5,"inverted":true,"h_cpos":"center","v_cpos":"start","reverse_cpos":"flex-column","textalign_pos":"center","item_title":"<p>Don’t miss the moment<\/p>","color_title":"#121212","item_subtitle":"<p>Special Offers<\/p>","color_subtitle":"#121212","item_text":"","color_text":"#797b7e","custom_heading":"","color_ch":"#797b7e","caption_size":"small","inset_caption":"8% 13% 5%","item_link":"shopify:\/\/collections\/watches","link_text":"Shop now","link_type_banner":false,"btn_style":"btn-primary","btn_size":"btn-sm","margin_title":18,"margin_text":15,"margin_btn":28,"custom_class":""}},"1651828879a1cdf641-1":{"type":"banner","settings":{"image":"shopify:\/\/shop_images\/sk2-banner3_03f3736c-49c8-40b0-ac5c-ee01dd5bc33d.jpg","width":"4","banner_style":"overlay","off_overlay_mobile":false,"use_bgb":false,"bgb_color":"","bgb_color_opacity":0.5,"inset_block":"0 0 0 0","use_bottom_offset_mobile":true,"margin_bottom":30,"use_bgo":false,"bg_color":"","bg_color_opacity":0.5,"inverted":false,"h_cpos":"center","v_cpos":"start","reverse_cpos":"flex-column","textalign_pos":"center","item_title":"<p>Limited Time Deals<\/p>","color_title":"#121212","item_subtitle":"<p>Exclusive collection<\/p>","color_subtitle":"#1472b6","item_text":"","color_text":"#797b7e","custom_heading":"","color_ch":"#797b7e","caption_size":"small","inset_caption":"8% 7% 6% 7%","item_link":"shopify:\/\/collections\/watches","link_text":"Shop now","link_type_banner":false,"btn_style":"btn-primary","btn_size":"btn-sm","margin_title":18,"margin_text":15,"margin_btn":28,"custom_class":""}},"0cf3d800-77c6-4722-974d-9f91130afdd4":{"type":"banner","settings":{"image":"shopify:\/\/shop_images\/sk2-banner4_77622b84-9de6-48fc-9d95-281a8cd8e7d7.jpg","width":"4","banner_style":"overlay","off_overlay_mobile":false,"use_bgb":false,"bgb_color":"","bgb_color_opacity":0.5,"inset_block":"0 0 0 0","use_bottom_offset_mobile":true,"margin_bottom":30,"use_bgo":false,"bg_color":"","bg_color_opacity":0.5,"inverted":true,"h_cpos":"center","v_cpos":"start","reverse_cpos":"flex-column","textalign_pos":"center","item_title":"<p>Limited Time Deals<\/p>","color_title":"#121212","item_subtitle":"<p>Exclusive collection<\/p>","color_subtitle":"#1472b6","item_text":"","color_text":"#797b7e","custom_heading":"","color_ch":"#797b7e","caption_size":"small","inset_caption":"8% 7% 6% 7%","item_link":"shopify:\/\/collections\/watches","link_text":"Shop now","link_type_banner":false,"btn_style":"btn-primary","btn_size":"btn-sm","margin_title":18,"margin_text":15,"margin_btn":28,"custom_class":""}}},"block_order":["1651828879a1cdf641-0","1651828879a1cdf641-1","0cf3d800-77c6-4722-974d-9f91130afdd4"],"settings":{"section_title":"","desc":"","container_width":"full-width","reset_indent":true,"bg_section":"#ffffff","inset_section":"0px 0px 0px 0px","offset_section":"0px 0px 0px 0px"}},"1627899736175f45d2":{"type":"index-divider","settings":{"section_view":"container","type_value":"px","padding_top":85,"padding_bottom":85,"padding_top_vw":0,"padding_bottom_vw":0,"margin_top":0,"margin_bottom":0,"background_color":"","tablet_padding_top":34,"tablet_padding_bottom":35,"tablet_margin_top":0,"tablet_margin_bottom":0}},"1652167840d73064df":{"type":"index-collection-list","blocks":{"16521678408f3cfa71-0":{"type":"featured_collection","settings":{"item_collection":"watches","column_item":"3","position-caption":"bottom","caption_bg_color":"#ffffff","caption_bg_color_opacity":0,"item_img":"shopify:\/\/shop_images\/img_02.jpg","custom_collection_class":""}},"16521678408f3cfa71-1":{"type":"featured_collection","settings":{"item_collection":"watches","column_item":"3","position-caption":"bottom","caption_bg_color":"#ffffff","caption_bg_color_opacity":0,"item_img":"shopify:\/\/shop_images\/img_03.jpg","custom_collection_class":""}}},"block_order":["16521678408f3cfa71-0","16521678408f3cfa71-1"],"settings":{"container_width":"container","reset_indent":false,"inset_section":"0px 0px 0px 0px","offset_section":"0px 0px 0px 0px","bg_section":"#ffffff","item_heading":"<p>Get your Watch style<\/p>","item_text":"You’ll always be in style with our collection of watches!","show_items_count":false,"style":"type_h_1","image_ratio":"portrait","img_alignment":"top","show_view_all":true,"show_carousel":false}},"162789983429f786d4":{"type":"index-divider","settings":{"section_view":"full-width","type_value":"px","padding_top":68,"padding_bottom":68,"padding_top_vw":0,"padding_bottom_vw":0,"margin_top":0,"margin_bottom":0,"background_color":"rgba(0,0,0,0)","tablet_padding_top":35,"tablet_padding_bottom":35,"tablet_margin_top":0,"tablet_margin_bottom":0}},"1652169286fa9c4222":{"type":"index-featured-products","blocks":{"16521692866e110672-0":{"type":"collection_tab","settings":{"section_title":"","block_collection_title":"","block_collection":"watches","product_card_reviews":false,"badge_card_toggle":true,"product_card_options":false,"opt_type":"btn","product_card_vendor":false,"image_ratio":"adapt","show_secondary_image":false,"image_padding":0,"bg_wrap_img_color":"","bg_img_color":"#f2f3f5"}}},"block_order":["16521692866e110672-0"],"settings":{"section_title":"<p>Best sellers<\/p>","section_subtitle":"Top sale in this week","container_width":"container","bg_section":"#ffffff","inset_section":"0px 0px 0px 0px","offset_section":"0px 0px 0px 0px","reset_indent":false,"use_tabs":false,"all_view":false,"products_count":"6","column_item":"33%","carousel_view":false,"products_view":"4","off_carousel_nav":false,"off_carousel_pag":true,"carousel_control_type":"pagination","design_type":"type_1"}},"162789991534a793f2":{"type":"index-divider","settings":{"section_view":"container","type_value":"px","padding_top":100,"padding_bottom":0,"padding_top_vw":0,"padding_bottom_vw":0,"margin_top":0,"margin_bottom":0,"background_color":"","tablet_padding_top":29,"tablet_padding_bottom":29,"tablet_margin_top":0,"tablet_margin_bottom":0}},"16521692925493353a":{"type":"index-image-with-text-overlay","blocks":{"1652169292e06a47ba-0":{"type":"heading_h6","settings":{"heading_h6":"<p>News & trends<\/p>","color":"#121212","inset_block":"0 0 0 0","offset_block":"5% 0 0 0","use_bgi":false,"bgc_color":"","bgc_color_opacity":0.5,"title_animation":"none"}},"8203fedf-8e4a-40b5-81ec-25edb4251eb6":{"type":"heading_h2","settings":{"heading_h2":"<p>New Models<br\/>Special prices<\/p>","color":"#121212","font_weight":"600","indent_block":"0","inset_block":"0 0 0 0","offset_block":"5% 0 0 0","use_bgi":false,"bgc_color":"","bgc_color_opacity":0.5,"title_animation":"none"}},"1652169292e06a47ba-2":{"type":"text","settings":{"text":"<p>Get up to 20% off on New Arrivals<\/p><p><\/p>","text_size":"medium","color":"#797b7e","inset_block":"0 0 0 0","offset_block":"5% 0 0 0","use_bgc":false,"bgc_color":"","bgc_color_opacity":0.5}},"1652169292e06a47ba-3":{"type":"button","settings":{"button_label":"shop now","button_link":"shopify:\/\/collections\/watches","use_button":true,"btn_style":"btn-primary","btn_size":"btn-md","offset_block":"2.8rem 0 0 0"}}},"block_order":["1652169292e06a47ba-0","8203fedf-8e4a-40b5-81ec-25edb4251eb6","1652169292e06a47ba-2","1652169292e06a47ba-3"],"settings":{"container_width":"full-width","inset_section":"0px 0px 0px 0px","offset_section":"0px 0px 0px 0px","bg_section":"#ffffff","padding_desktop":300,"padding_mobile":175,"image":"shopify:\/\/shop_images\/img_13.jpg","bg_pos_mobile":50,"use_bgo":false,"bg_color":"","bg_color_opacity":0.5,"parallax":true,"padding_parallax_desktop":500,"bg_animation":"none","caption_align":"left","text_align":"left","vertical_alignment":"center","inverted":true,"use_bgc":false,"caption_bg_color":"","caption_bg_color_opacity":0.5,"inset_caption":"6% 7% 6% 0","offset_caption":"0 0 0 0","caption_animation":"none"}},"16278999588811e107":{"type":"index-divider","settings":{"section_view":"container","type_value":"px","padding_top":87,"padding_bottom":87,"padding_top_vw":0,"padding_bottom_vw":0,"margin_top":0,"margin_bottom":0,"background_color":"","tablet_padding_top":29,"tablet_padding_bottom":29,"tablet_margin_top":0,"tablet_margin_bottom":0}},"16521697084ddcbd57":{"type":"index-blog-articles","settings":{"container_width":"container","reset_indent":false,"inset_section":"0px 0px 0px 0px","offset_section":"0px 0px 0px 0px","bg_section":"#ffffff","section_title":"<p>Fresh news <\/p><p>from our blog<\/p>","item_text":"","show_view_all":false,"style":"type_h_2","section_blog":"blog-watches","post_layout":"grid","textalign_pos":"left","column_item":"33%","section_blog_limit":"4","blog_image_ratio":"adapt","blog_show_info":true,"blog_show_author":true,"blog_show_date":true,"show_comments":true,"blog_show_tags":false,"caption_absolute":false,"blog_caption_position":"center","inset_caption":"0","inverted":false,"desc_none":false,"hide_img":false,"link_style":"link","use_blog_image_overlay":false,"blog_image_color":"","blog_image_color_opacity":0.5,"carousel_view":true,"post_view":"3","off_carousel_nav":false,"off_carousel_pag":false,"carousel_control_type":"pagination"}},"162789999412c565b2":{"type":"index-divider","settings":{"section_view":"container","type_value":"px","padding_top":74,"padding_bottom":74,"padding_top_vw":0,"padding_bottom_vw":0,"margin_top":0,"margin_bottom":0,"background_color":"","tablet_padding_top":30,"tablet_padding_bottom":30,"tablet_margin_top":0,"tablet_margin_bottom":0}},"1652170255297d5639":{"type":"index-logo-list","blocks":{"1652170255aa038597-0":{"type":"logo_image","settings":{"image":"shopify:\/\/shop_images\/BRAND.png","link":"shopify:\/\/collections\/watches"}},"1652170255aa038597-1":{"type":"logo_image","settings":{"image":"shopify:\/\/shop_images\/Brand_1.png","link":"shopify:\/\/collections\/watches"}},"1652170255aa038597-2":{"type":"logo_image","settings":{"image":"shopify:\/\/shop_images\/Group.png","link":"shopify:\/\/collections\/watches"}},"1652170255aa038597-3":{"type":"logo_image","settings":{"image":"shopify:\/\/shop_images\/Group_6.png","link":"shopify:\/\/collections\/watches"}},"1652170255aa038597-4":{"type":"logo_image","settings":{"image":"shopify:\/\/shop_images\/Group_2.png","link":"shopify:\/\/collections\/watches"}},"1652170255aa038597-5":{"type":"logo_image","settings":{"image":"shopify:\/\/shop_images\/Group_3.png","link":"shopify:\/\/collections\/watches"}}},"block_order":["1652170255aa038597-0","1652170255aa038597-1","1652170255aa038597-2","1652170255aa038597-3","1652170255aa038597-4","1652170255aa038597-5"],"settings":{"container_width":"container","reset_indent":false,"inset_section":"0px 0px 0px 0px","offset_section":"0px 0px 0px 0px","bg_section":"#ffffff","section_title":"Explore our brands","image_size":"xsmall","img_alignment":"top","mh_item":140,"show_carousel":false,"off_carousel_nav":false,"off_carousel_pag":false,"carousel_control_type":"pagination"}},"1627900045d25f9b47":{"type":"index-divider","settings":{"section_view":"container","type_value":"px","padding_top":30,"padding_bottom":30,"padding_top_vw":0,"padding_bottom_vw":0,"margin_top":0,"margin_bottom":0,"background_color":"","tablet_padding_top":20,"tablet_padding_bottom":20,"tablet_margin_top":0,"tablet_margin_bottom":0}}},"order":["1652115288a8abd1bc","16518288800f3bcb20","1627899736175f45d2","1652167840d73064df","162789983429f786d4","1652169286fa9c4222","162789991534a793f2","16521692925493353a","16278999588811e107","16521697084ddcbd57","162789999412c565b2","1652170255297d5639","1627900045d25f9b47"]}