{"sections":{"main":{"type":"index-lookbook","blocks":{"7a80409f-4628-4615-b564-07ac766ab768":{"type":"lookbook","settings":{"image_column":"12","offset_block_top":"0","image":"shopify:\/\/shop_images\/lookbook.jpg","item_product_1":"engineered-rib-cashmere-cardigan","item_x_1":54,"item_y_1":50,"item_horizontal_align_1":"left","item_vertical_align_1":"top","item_product_2":"black-tiered-smock-mini-dress","item_x_2":52,"item_y_2":72,"item_horizontal_align_2":"left","item_vertical_align_2":"top","item_product_3":"little-mistress-black-studded-stiletto-heel-sandals","item_x_3":50,"item_y_3":50,"item_horizontal_align_3":"left","item_vertical_align_3":"bottom","item_product_4":"","item_x_4":50,"item_y_4":50,"item_horizontal_align_4":"left","item_vertical_align_4":"bottom"}},"91311557-5c87-4552-91e3-e7d70036ddb1":{"type":"lookbook","settings":{"image_column":"6","offset_block_top":"0","image":"shopify:\/\/shop_images\/lookbook-2.jpg","item_product_1":"blue-floral-mini-smock-dress","item_x_1":41,"item_y_1":38,"item_horizontal_align_1":"right","item_vertical_align_1":"bottom","item_product_2":"stone-pique-collared-zip-front-polo-top","item_x_2":50,"item_y_2":79,"item_horizontal_align_2":"right","item_vertical_align_2":"top","item_product_3":"","item_x_3":50,"item_y_3":50,"item_horizontal_align_3":"left","item_vertical_align_3":"bottom","item_product_4":"","item_x_4":50,"item_y_4":50,"item_horizontal_align_4":"left","item_vertical_align_4":"bottom"}},"defc16bd-3d5f-41b6-8e9d-ee18ecea4be6":{"type":"lookbook","settings":{"image_column":"6","offset_block_top":"0","image":"shopify:\/\/shop_images\/lookbook-3.jpg","item_product_1":"black-chunky-platform-block-heel-chelsea-boots","item_x_1":35,"item_y_1":32,"item_horizontal_align_1":"left","item_vertical_align_1":"bottom","item_product_2":"stone-pique-collared-zip-front-polo-top","item_x_2":51,"item_y_2":55,"item_horizontal_align_2":"left","item_vertical_align_2":"bottom","item_product_3":"","item_x_3":34,"item_y_3":67,"item_horizontal_align_3":"left","item_vertical_align_3":"bottom","item_product_4":"","item_x_4":50,"item_y_4":50,"item_horizontal_align_4":"left","item_vertical_align_4":"bottom"}},"622ed4b5-332d-44ce-812d-430990b14b1f":{"type":"lookbook","settings":{"image_column":"12","offset_block_top":"0","image":"shopify:\/\/shop_images\/lookbook-4.jpg","item_product_1":"blue-overdyed-munich-logo-t-shirt","item_x_1":35,"item_y_1":50,"item_horizontal_align_1":"right","item_vertical_align_1":"bottom","item_product_2":"","item_x_2":63,"item_y_2":37,"item_horizontal_align_2":"right","item_vertical_align_2":"top","item_product_3":"","item_x_3":50,"item_y_3":50,"item_horizontal_align_3":"left","item_vertical_align_3":"bottom","item_product_4":"","item_x_4":50,"item_y_4":50,"item_horizontal_align_4":"left","item_vertical_align_4":"bottom"}},"57190276-375b-4e9e-81ee-db0e9fca798f":{"type":"lookbook","settings":{"image_column":"6","offset_block_top":"0","image":"shopify:\/\/shop_images\/lookbook5.jpg","item_product_1":"dark-red-plain-short-sleeve-t-shirt","item_x_1":32,"item_y_1":60,"item_horizontal_align_1":"right","item_vertical_align_1":"top","item_product_2":"petite-light-green-cropped-boxy-puffer-jacket","item_x_2":45,"item_y_2":19,"item_horizontal_align_2":"right","item_vertical_align_2":"bottom","item_product_3":"nurture-deep-moisture-mask","item_x_3":31,"item_y_3":66,"item_horizontal_align_3":"right","item_vertical_align_3":"bottom","item_product_4":"double-tipped-diamond-ring","item_x_4":44,"item_y_4":26,"item_horizontal_align_4":"left","item_vertical_align_4":"top"}},"984e4e50-e39b-40bd-9be5-60d2a16e90fc":{"type":"lookbook","settings":{"image_column":"6","offset_block_top":"0","image":"shopify:\/\/shop_images\/lookbook6.jpg","item_product_1":"black-faux-croc-chunk-lace-up-boots","item_x_1":43,"item_y_1":33,"item_horizontal_align_1":"right","item_vertical_align_1":"bottom","item_product_2":"blue-floral-mini-smock-dress","item_x_2":47,"item_y_2":81,"item_horizontal_align_2":"left","item_vertical_align_2":"bottom","item_product_3":"","item_x_3":50,"item_y_3":50,"item_horizontal_align_3":"left","item_vertical_align_3":"bottom","item_product_4":"","item_x_4":50,"item_y_4":50,"item_horizontal_align_4":"left","item_vertical_align_4":"bottom"}}},"block_order":["7a80409f-4628-4615-b564-07ac766ab768","91311557-5c87-4552-91e3-e7d70036ddb1","defc16bd-3d5f-41b6-8e9d-ee18ecea4be6","622ed4b5-332d-44ce-812d-430990b14b1f","57190276-375b-4e9e-81ee-db0e9fca798f","984e4e50-e39b-40bd-9be5-60d2a16e90fc"],"settings":{"container_width":"container","reset_indent":false,"section_title":"2021 Lookbook Collection","text_title":"Use a Shopify Theme that supports lookbooks","inset_section":"0px 0px 0px 0px","offset_section":"0px 0px 0px 0px","bg_section":"#ffffff"}}},"order":["main"]}