{"current":{"type_base_font":"libre_franklin_n4","base_font_color":"#797b7e","type_heading_font":"archivo_n4","heading_font_size":44,"heading_font_color":"#121212","heading_font_weight":"600","body_background_color":"#ffffff","body_color":"#797b7e","border_color":"#e1e2e4","color_text_field_text":"#000","color_text_field":"#fff","color_primary":"#1472b6","color_secondary":"#797b7e","links_color":"#797b7e","links_color_hover":"#121212","product_name_color":"#121212","product_name_color_hover":"#797b7e","product_price_color":"#121212","product_regular_price_color":"#797b7e","product_price_sale_color":"#ea3253","color_white":"#ffffff","color_black":"#121212","color_grey_1":"#f2f3f5","color_grey_2":"#bec0c4","color_grey_3":"#797b7e","color_grey_4":"#505152","color_grey_5":"#669aa1","color_grey_6":"#e1e2e4","color_success":"#cdf1e8","color_icon_success":"#44bb9e","color_info":"#edefff","color_icon_info":"#121212","color_warning":"#fff5bb","color_icon_warning":"#fda828","color_danger":"#fef1f0","color_icon_danger":"#ea3253","button_background_color":"#ffffff","button_text_color":"#121212","button_border_color":"#121212","button_hover_background_color":"#121212","button_hover_text_color":"#ffffff","button_hover_border_color":"#121212","primary_button_background_color":"#1472b6","primary_button_text_color":"#ffffff","primary_button_border_color":"#1472b6","primary_button_hover_background_color":"#121212","primary_button_hover_text_color":"#ffffff","primary_button_hover_border_color":"#121212","secondary_button_background_color":"#f2f3f5","secondary_button_text_color":"#121212","secondary_button_border_color":"#f2f3f5","secondary_button_hover_background_color":"#121212","secondary_button_hover_text_color":"#ffffff","secondary_button_hover_border_color":"#121212","alternate_button_text_color":"#ffffff","alternate_button_border_color":"#ffffff","alternate_button_hover_background_color":"#ffffff","alternate_button_hover_text_color":"#121212","alternate_button_hover_border_color":"#ffffff","favicon":"shopify:\/\/shop_images\/fav.png","sidebar_toggle":false,"sidebar_position":"sidebar_left","wishlist_toggle":true,"wishlist_page":"wishlist","maxwidth":1200,"spacer":30,"footer_type":"3","rtl":false,"contact_map":true,"password_link_view":false,"protect":false,"newsletter_popup_toggle":true,"newsletter_popup_period":"0","np_type":"1","newsletter_popup_discount_percent_1":"15% OFF","newsletter_popup_description_1":"Subscribe to get up to 15% off! <em> Limited time only. <\/em>","newsletter_popup_bg_1":"shopify:\/\/shop_images\/img_01_5f6bf4c5-8e4e-4ce8-b64e-c0b539368ee1.png","newsletter_popup_header_2":"Join our newsletter and get 20% discount!","newsletter_popup_description_2":"Subscribe to our newsletter and we will ship <em>20% discount code today.<\/em>","newsletter_popup_bg_2":"shopify:\/\/shop_images\/np_bg_2.jpg","newsletter_popup_description_3":"Stay Updated on all that's new add noteworthy","newsletter_popup_bg_3":"shopify:\/\/shop_images\/np_bg_3.jpg","use_qw_modal":true,"product_card_reviews":false,"product_card_sku":false,"product_card_options":true,"product_card_vendor":false,"product_card_col":false,"image_ratio":"portrait-thumb","show_secondary_image":true,"image_padding":1,"bg_wrap_img_color":"#f2f3f5","bg_img_color":"#f2f3f5","variants_money_toggle":false,"badge_toggle":true,"new_products_period":"10000","badge_new_toggle":true,"new_badge_color":"#121212","badge_sale_toggle":true,"badge_sale_percent_toggle":true,"sale_badge_color":"#ea3253","badge_outstock_toggle":true,"outstock_badge_color":"#5c6468","custom_badge_1_toggle":false,"custom_badge_1":"online","custom_badge_1_text":"Only online","custom_badge_1_color":"#1383df","custom_badge_2_toggle":false,"custom_badge_2":"best price","custom_badge_2_text":"Best price","custom_badge_2_color":"#394cb3","sharing_fb":true,"sharing_tw":true,"sharing_pin":true,"afterpay":true,"amazon_payments":true,"apple_pay":true,"american_express":true,"bitcoin":true,"dankort":true,"diners_club":true,"social_fb":"#","social_pin":"#","social_inst":"#","social_yt":"#","social_linkedin":"#","contacts_address":"<p>Mon-Fri: 9:00 am - 6:00 pm<\/p><p>Sat: 9:00 am - 4:00 pm<\/p><p>Sun: 9:00 am - 2:00 pm<\/p>","contacts_phone":"800-123-4567","contacts_phone_text":"Call Us:","contacts_email":"demo@demo.com","contacts_email_text":"Send us an email","caption_position":"b_left","checkout_header_image":"shopify:\/\/shop_images\/slide-image-1.jpg","checkout_logo_image":"shopify:\/\/shop_images\/VENDY_62f59369-ae6d-4f13-88c5-8e8a8bc0a8ea.png","checkout_logo_position":"left","checkout_logo_size":"medium","checkout_body_background_image":"","checkout_body_background_color":"rgba(0,0,0,0)","checkout_input_background_color_mode":"white","checkout_sidebar_background_color":"#f2f3f5","checkout_heading_font":"Source Sans Pro","checkout_body_font":"Lato","checkout_accent_color":"#121212","checkout_button_color":"#121212","checkout_error_color":"#f34235","show_name":false,"product_reviews":true,"show_policy":true,"delivery_page":"shopify:\/\/pages\/delivery-info","show_related_products":false,"sw_c_type":"sw_bi","use_custom_all_options":true,"supported_currencies":"USD, $&nbsp;&nbsp;USD | EUR, €&nbsp;&nbsp;EUR | GBP, &pound;&nbsp;&nbsp;GBP","pg_modalgallery":true,"pg_modal_mainthumb":"rectangle","pg_modalthumb_w":68,"pg_modalthumb_h":85,"pg_zoom_levelscale":1.5,"pg_spacebi":10,"pg_thumbshide":false,"pg_itembigview":3,"pg_tileitemview":4,"pg_spacebtilei":10,"product_grouped":"fbt1-menu","header_type":"2","color_option":"Color","size_option":"Size","newsletter_form_type":"newsletter_shopify","newsletter_mailchimp_url":"","newsletter_popup_header":"Special Offers April!","newsletter_popup_discount_percent":"30% off","newsletter_popup_description":"for best drones!","newsletter_popup_bg_color":"#f6f7f9","newsletter_popup_bg":"shopify:\/\/shop_images\/newsletter.png","type_base2_font":"Verdana","color_grey_7":"#dde0e9","color_grey_8":"#eeeff4","color_secondary_1":"#a4bbf9","newsletter_popup_discount_content":"Discount","color_primary_dark":"#1e306e","color_secondary_light":"#fffabd","color_white_1":"#f6f7fc","newsletter_popup_sub_title":"<p>20%<br>Discount<\/p>","inverted":"false","custom_badge_2_text_color":"#222222","new_badge_text_color":"#fff","sale_badge_text_color":"#fff","outstock_badge_text_color":"#fff","custom_badge_1_text_color":"#1383df","product_name_color_secondary":"#222222","product_name_color_secondary_hover":"#f14e08","badge_ourstock_toggle":true,"ourstock_badge_color":"#222222","type-base-font":"lato_n4","base-font-size":"14px","base-font-color":"#000000","type-heading-font":"lato_n4","heading-font-size":"30px","heading-font-color":"#000000","links-color":"#333333","links-color-hover":"#f14e08","product-name-color":"#000000","product-name-color-hover":"#777777","product-name-color-secondary":"#888888","product-name-color-secondary-hover":"#f14e08","product-price-color":"#000000","product-regular-price-color":"#000000","product-price-sale-color":"#000000","body-background-color":"#a43838","body-color":"#888888","border-color":"#ececec","color-primary":"#f53f3f","color-secondary":"#1383df","color-white":"#ffffff","color-black":"#000000","color-grey-1":"","color-grey-2":"","color-grey-3":"","button-background-color":"","button-text-color":"","button-border-color":"","button-hover-background-color":"","button-hover-text-color":"","button-hover-border-color":"","primary-button-background-color":"","primary-button-text-color":"","primary-button-border-color":"","primary-button-hover-background-color":"","primary-button-hover-text-color":"","primary-button-hover-border-color":"","type_header_font":"fira_sans_n4","color_1":"#333333","color_2":"#f1f1f1","color_3":"#ffffff","color_4":"#000000","color_5":"#777777","color_6":"#f8dbde","button_color":"#333333","button_hover_color":"rgba(0,0,0,0)","alt_button_color":"#ffe5e8","alt_button_text_color":"#333333","alt_button_border_color":"#ffe5e8","alt_button_hover_color":"rgba(0,0,0,0)","alt_button_hover_text_color":"#ffe5e8","alt_button_hover_border_color":"#ffe5e8","white_button_color":"","white_button_text_color":"#ffffff","white_button_border_color":"#ffffff","white_button_hover_color":"#ffffff","white_button_hover_text_color":"#333333","white_button_hover_border_color":"#ffffff","sharing_gplus":true,"product_name_size":"14px","section_headers_bg_color":"#be3838","section_headers_alignment":"center","product_border":false,"sale_type":"text","color_scheme":"scheme_1","scheme_1_color_1":"#6fcfb8","scheme_1_color_2":"#333333","scheme_2_color_1":"#f2c94c","scheme_2_color_2":"#242424","scheme_3_color_1":"#77c126","scheme_3_color_2":"#fc5d20","text-animation":true,"base_font":"google_fonts:Roboto","heading_font":"google_fonts:Roboto","currency_selector":"0","show_multiple_currencies":"1","currency_format":"money_with_currency_format","default_currency":"USD","currencies_toggle":true,"currencies_list":"","checkout_use_header_image":false,"checkout_logo":"","checkout_use_body_background_image":false,"checkout_use_sidebar_background_image":false,"color_text":"#3d4246","color_body_text":"#788188","color_sale_text":"#7796A8","color_borders":"#e8e9eb","color_button":"#7796A8","color_button_text":"#fff","color_small_button":"#fff","color_small_button_text":"#3d4246","color_image_overlay_text":"#fff","color_image_overlay":"#3d4246","image_overlay_opacity":"0.25","color_body_bg":"#fff","type_header_family":"Google_Work+Sans_600_sans","type_header_base_size":"26px","type_base_family":"Google_Work+Sans_400_sans","type_base_size":"16px","type_bold_product_titles":false,"share_facebook":true,"share_twitter":true,"share_pinterest":true,"social_twitter_link":"","social_facebook_link":"","social_pinterest_link":"","social_instagram_link":"","social_tumblr_link":"","social_snapchat_link":"","social_youtube_link":"","social_vimeo_link":"","sections":{"template-wishlist":{"type":"template-wishlist","settings":{}},"template-privacy-policy":{"type":"template-privacy-policy","blocks":{"1503144156672":{"type":"text-block","settings":{"title":"General information","text":"<p>Welcome to our Privacy Policy page! When you use our store services, you trust us with your information. This Privacy Policy is meant to help you understand what data we collect, why we collect it, and what we do with it. When you share information with us, we can make our services even better for you. For instance, we can show you more relevant search results and ads, help you connect with people or to make sharing with others quicker and easier. As you use our services, we want you to be clear how we&rsquo;re using information and the ways in which you can protect your privacy. This is important; we hope you will take time to read it carefully. Remember, you can find controls to manage your information and protect your privacy and security. We&rsquo;ve tried to keep it as simple as possible.<\/p>"}},"1503144183486":{"type":"text-block","settings":{"title":"Right to access, correct and delete data and to object to data processing","text":"<p>Our customers have the right to access, correct and delete personal data relating to them, and to object to the processing of such data, by addressing a written request, at any time. The Company makes every effort to put in place suitable precautions to safeguard the security and privacy of personal data, and to prevent it from being altered, corrupted, destroyed or accessed by unauthorized third parties. However, the Company does not control each and every risk related to the use of the Internet, and therefore warns the Site users of the potential risks involved in the functioning and use of the Internet. The Site may include links to other web sites or other internet sources. As the Company cannot control these web sites and external sources, the Company cannot be held responsible for the provision or display of these web sites and external sources, and may not be held liable for the content, advertising, products, services or any other material available on or from these web sites or external sources.<\/p>"}},"1503144204191":{"type":"text-block","settings":{"title":"Management of personal data","text":"<p>You can view or edit your personal data online for many of our services. You can also make choices about our collection and use of your data. How you can access or control your personal data will depend on which services you use. You can choose whether you wish to receive promotional communications from our store by email, SMS, physical mail, and telephone. If you receive promotional email or SMS messages from us and would like to opt out, you can do so by following the directions in that message. You can also make choices about the receipt of promotional email, telephone calls, and postal mail by visiting and signing into Company Promotional Communications Manager, which allows you to update contact information, manage contact preferences, opt out of email subscriptions, and choose whether to share your contact information with our partners. These choices do not apply to mandatory service communications that are part of certain store services.<\/p>"}},"1503144229373":{"type":"text-block","settings":{"title":"Information we collect","text":"<p>Our store collects data to operate effectively and provide you the best experiences with our services. You provide some of this data directly, such as when you create a personal account. We get some of it by recording how you interact with our services by, for example, using technologies like cookies, and receiving error reports or usage data from software running on your device. We also obtain data from third parties (including other companies). For example, we supplement the data we collect by purchasing demographic data from other companies. We also use services from other companies to help us determine a location based on your IP address in order to customize certain services to your location. The data we collect depends on the services and features you use.<\/p>"}},"1503144255733":{"type":"text-block","settings":{"title":"How we use your information","text":"<p>Our store uses the data we collect for three basic purposes: to operate our business and provide (including improving and personalizing) the services we offer, to send communications, including promotional communications, and to display advertising. In carrying out these purposes, we combine data we collect through the various store services you use to give you a more seamless, consistent and personalized experience. However, to enhance privacy, we have built in technological and procedural safeguards designed to prevent certain data combinations. For example, we store data we collect from you when you are unauthenticated (not signed in) separately from any account information that directly identifies you, such as your name, email address or phone number.<\/p>"}},"1503144272560":{"type":"text-block","settings":{"title":"Sharing your information","text":"<p>We share your personal data with your consent or as necessary to complete any transaction or provide any service you have requested or authorized. For example, we share your content with third parties when you tell us to do so. When you provide payment data to make a purchase, we will share payment data with banks and other entities that process payment transactions or provide other financial services, and for fraud prevention and credit risk reduction. In addition, we share personal data among our controlled affiliates and subsidiaries. We also share personal data with vendors or agents working on our behalf for the purposes described in this statement. For example, companies we've hired to provide customer service support or assist in protecting and securing our systems and services may need access to personal data in order to provide those functions. In such cases, these companies must abide by our data privacy and security requirements and are not allowed to use personal data they receive from us for any other purpose. We may also disclose personal data as part of a corporate transaction such as a merger or sale of assets.&nbsp;<\/p>"}}},"block_order":["1503144156672","1503144183486","1503144204191","1503144229373","1503144255733","1503144272560"],"settings":{"email":"shopify@zemez.io"}},"index-map":{"type":"index-map","settings":{"map_height":"medium","map_address":"521 Fifth Avenue, Pelham, NY 10783","api_key":"AIzaSyDQqXKHDrhkyBISlvJ7m5Z7X67XmfZmUk0","map_style":"midnight","map_captions":true,"map_captions_title":"521 Fifth Avenue, Pelham, NY 10783","phone_text":"+(001) 23 45 67 89","map_captions_text":"<p>Monday to Friday <br\/>10am - 6.30pm (NewYork time)<\/p>","map_captions_button":false}},"template-faq":{"type":"template-faq","blocks":{"1525509923782":{"type":"tab-block","settings":{"widget_open_toggle_1":true,"element_1_header":"Your Account & Orders","element_1_text":"<p>With the great pleasure we are offering you our goods<br\/> •  Fashion satisfies our willingness to be attractive<br\/> •  That is why we are offering you the result of great market and technological r<br\/> •  The unique combination of fair price, extraordinary style and perfect quality<br\/>So, this circumstance forced all leading successful companies to explore all needs and wishes of different groups of potential clients very deeply.<\/p>"}},"1525510286784":{"type":"tab-block","settings":{"widget_open_toggle_1":true,"element_1_header":"Payments","element_1_text":"<p>Yes, you can! After placing your order you will receive an order confirmation via email. Each order starts production 24 hours after your order is placed. Within 72 hours of you placing your order, you will receive an expected delivery date. When the order ships, you will receive another email with the tracking number and a link to trace the order online with the carrier.<\/p>"}},"1525510549417":{"type":"tab-block","settings":{"widget_open_toggle_1":false,"element_1_header":"Shipping & Returns","element_1_text":"<p>Yes, you can! After placing your order you will receive an order confirmation via email. Each order starts production 24 hours after your order is placed. Within 72 hours of you placing your order, you will receive an expected delivery date. When the order ships, you will receive another email with the tracking number and a link to trace the order online with the carrier.<\/p>"}},"1525510653657":{"type":"tab-block","settings":{"widget_open_toggle_1":false,"element_1_header":"Shopping Information","element_1_text":"<p>Yes, you can! After placing your order you will receive an order confirmation via email. Each order starts production 24 hours after your order is placed. Within 72 hours of you placing your order, you will receive an expected delivery date. When the order ships, you will receive another email with the tracking number and a link to trace the order online with the carrier.<\/p>"}}},"block_order":["1525509923782","1525510286784","1525510549417","1525510653657"],"settings":{"show_title":true,"text_title":"Frequently Asked Questions","block_title":"How can we help you?"}},"template-services":{"type":"template-services","blocks":{"1525765512903":{"type":"service-block","settings":{"icon":"wallet","title":"Cash & Carry","text":"<p>Lorem ipsum dolor sit amet, consectetur adipiscing elit, sed do eiusmod tempor incididunt ut labore et dolore magna aliqua. Ut enim ad minim veniam, quis nostrud exercitation ullamco laboris nisi ut aliquip ex ea commodo consequat.<\/p>\n<p><br> &bull;&nbsp; Lorem ipsum dolor sit amet <br> &bull;&nbsp; Sed do eiusmod tempor incididunt<br> &bull;&nbsp; Ut labore et dolore magna aliqua.<br> &bull;&nbsp; Quis nostrud exercitation ullamco<\/p>"}},"1525765841730":{"type":"service-block","settings":{"icon":"tags","title":"Pick-Up from a Post Parcel","text":"<p>Point in your City<br>Lorem ipsum dolor sit amet, consectetur adipiscing elit, sed do eiusmod tempor incididunt ut labore et dolore magna aliqua. Ut enim ad minim veniam, quis nostrud exercitation ullamco laboris nisi ut aliquip ex ea commodo consequat.<\/p>\n<p><br> &bull;&nbsp; Lorem ipsum dolor sit amet <br> &bull;&nbsp; Sed do eiusmod tempor incididunt<br> &bull;&nbsp; Ut labore et dolore magna aliqua.<br> &bull;&nbsp; Quis nostrud exercitation ullamco<\/p>"}},"1525765898942":{"type":"service-block","settings":{"icon":"bag","title":"Shipment to The Door","text":"<p>Lorem ipsum dolor sit amet, consectetur adipiscing elit, sed do eiusmod tempor incididunt ut labore et dolore magna aliqua. Ut enim ad minim veniam, quis nostrud exercitation ullamco laboris nisi ut aliquip ex ea commodo consequat.<\/p>\n<p><br> &bull;&nbsp; Lorem ipsum dolor sit amet <br> &bull;&nbsp; Sed do eiusmod tempor incididunt<br> &bull;&nbsp; Ut labore et dolore magna aliqua.<br> &bull;&nbsp; Quis nostrud exercitation ullamco<\/p>"}},"1525767411000":{"type":"delivery","settings":{"title":"International Delivery","image":"","text":"<p><strong>Pick-Up from a Post Parcel Point in your City<\/strong><br>Lorem ipsum dolor sit amet, consectetur adipiscing elit, sed do eiusmod tempor incididunt ut labore et dolore magna aliqua. Ut enim ad minim veniam, quis nostrud exercitation ullamco laboris nisi ut aliquip ex ea commodo consequat.<\/p>\n<p><\/p>\n<p><\/p>\n<p>1.&nbsp;&nbsp;Lorem ipsum dolor sit amet <br>2.&nbsp;&nbsp;Sed do eiusmod tempor incididunt<br>3.&nbsp; Ut labore et dolore magna aliqua.<\/p>\n<p><\/p>\n<p>Ut enim ad minim veniam, quis nostrud exercitation ullamco laboris nisi ut aliquip ex ea commodo consequat.<\/p>","note":"Ut enim ad minim veniam, quis nostrud exercitation ullamco laboris nisi ut aliquip ex ea commodo consequat."}}},"block_order":["1525765512903","1525765841730","1525765898942","1525767411000"],"settings":{"delivery_title":""}},"footer-1":{"type":"footer-1","blocks":{"1569245185848":{"type":"linklist","settings":{"column_item":"column_2","links":"company","custom_class":""}},"1569071522685":{"type":"linklist","settings":{"column_item":"column_2","links":"footer","custom_class":""}},"104f1e7f-b57c-4070-b405-2d2236458bfc":{"type":"linklist","settings":{"column_item":"column_2","links":"order","custom_class":""}}},"block_order":["1569245185848","1569071522685","104f1e7f-b57c-4070-b405-2d2236458bfc"],"settings":{"footer_newsletter":true,"container_settings":"container","title":"our newsletter","text":"Enjoy 10% off your first order when you join our mailing list.","background_toggle":false,"inverted":false,"type_line":false,"offset-sm":false,"bg_color":"#ffffff","payment_icons_toggle":true,"footer_logo":false,"footer_logo_type":"img","footer_logo_main":"shopify:\/\/shop_images\/VENDY.png","footer_logo_slogan":"<p>Wholesale<\/p><p>Shopify Theme<\/p>","contacts":false,"phone":"800-123-4567","phone_text":"Call Us:","email":"demo@demo.com","email_text":"Send us an email","powered_toggle":true,"social_menu":false,"footer_submenu":""}},"helper":{"type":"helper","settings":{}},"footer-2":{"type":"footer-2","blocks":{"1585928278480":{"type":"linklist","settings":{"column_item":"column_2","links":"company","custom_class":""}},"342ba90c-6e53-48d9-8f17-618436848166":{"type":"newsletter","settings":{"column_item":"column_6","block_title":"","newsletter_text":""}},"1585928365536":{"type":"linklist","settings":{"column_item":"column_2","links":"footer","custom_class":""}}},"block_order":["1585928278480","342ba90c-6e53-48d9-8f17-618436848166","1585928365536"],"settings":{"footer_logo":true,"footer_logo_type":"img","footer_logo_main":"shopify:\/\/shop_images\/VENDY.png","footer_logo_slogan":"<p>Modern fashion store<\/p>","powered_toggle":true,"social_menu":true}},"footer-3":{"type":"footer-3","blocks":{"1585932486405":{"type":"linklist","settings":{"column_item":"column_2","links":"company","custom_class":""}},"1585932511885":{"type":"linklist","settings":{"column_item":"column_2","links":"footer","custom_class":""}},"a48c59ca-6cb1-4176-be46-7cfda92277d0":{"type":"linklist","settings":{"column_item":"column_2","links":"order","custom_class":""}},"1585932245349":{"type":"contacts","settings":{"column_item":"column_3","contacts_title":"Contact us"}},"85094ee2-ee3d-44a1-ae62-c521c364735c":{"type":"social-column","settings":{"column_item":"column_2","socialicon_title":"FOLLOW US"}}},"block_order":["1585932486405","1585932511885","a48c59ca-6cb1-4176-be46-7cfda92277d0","1585932245349","85094ee2-ee3d-44a1-ae62-c521c364735c"],"settings":{"footer_newsletter":false,"container_settings":"container","title":"our newsletter","text":"Enjoy 10% off your first order when you join our mailing list.","background_toggle":false,"inverted":false,"type_line":false,"offset-sm":false,"bg_color":"#ffffff","payment_icons_toggle":true,"footer_logo":false,"footer_logo_type":"img","footer_logo_slogan":"<p>Wholesale<\/p><p>Shopify Theme<\/p>","contacts":true,"phone":"","phone_text":"","email":"","email_text":"","powered_toggle":true,"social_menu":false,"footer_submenu":""}},"index-collection-list":{"type":"index-collection-list","blocks":{"1570718772183":{"type":"featured_collection","settings":{"item_collection":"","custom_collection_class":""}},"1570718801901":{"type":"featured_collection","settings":{"item_collection":"","custom_collection_class":""}},"1570718863632":{"type":"featured_collection","settings":{"item_collection":"","custom_collection_class":""}},"1570718882094":{"type":"featured_collection","settings":{"item_collection":"","custom_collection_class":""}},"1579001035186":{"type":"featured_collection","settings":{"item_collection":"","custom_collection_class":""}},"1595588631934":{"type":"featured_collection","settings":{"item_collection":"","custom_collection_class":""}},"1595588641578":{"type":"featured_collection","settings":{"item_collection":"","custom_collection_class":""}}},"block_order":["1570718772183","1570718801901","1570718863632","1570718882094","1579001035186","1595588631934","1595588641578"],"settings":{"style":"type_1","img_alignment":"top","show_view_all":false,"show_carousel":true}},"index-slideshow":{"type":"index-slideshow","blocks":{"1570720233200":{"type":"image","settings":{"image":"shopify:\/\/shop_images\/banner-3.jpg","img_alignment":"center","caption_position":"left","item_title_1":"<p>Test<\/p>","item_subtitle_1":"","item_text_1":"<p>Caption text<\/p>","url_text":"Shop now","slide_link":"shopify:\/\/collections\/dresses","slide_video_on":false,"item_url":""}},"1570720236302":{"type":"image","settings":{"img_alignment":"center","caption_position":"left","item_title_1":"<p>Your new <br\/>favorite band <br\/>is here.<\/p>","item_subtitle_1":"","item_text_1":"<p>Caption text<\/p>","url_text":"Shop now","slide_link":"shopify:\/\/collections\/electronics","slide_video_on":false,"item_url":""}},"1595579470633":{"type":"image","settings":{"img_alignment":"center","caption_position":"left","item_title_1":"<p>The Nike React<\/p><p>Vision<\/p>","item_subtitle_1":"","item_text_1":"<p>Caption text<\/p>","url_text":"Shop now","slide_link":"shopify:\/\/collections\/shoes","slide_video_on":false,"item_url":""}}},"block_order":["1570720233200","1570720236302","1595579470633"],"settings":{"slideshow_height":"medium","autoplay":true,"autoplay_delay":"5000","autoplay_speed":"4000","slideshow_pagination":"dynamicBullets","slideshow_effect":"slide"}},"index-testimonials":{"type":"index-testimonials","blocks":{"1570720694537":{"type":"quote","settings":{"star":"none","quote":"Hi, my order arrived yesterday. I love it! Thank you! What a fast service...you guys are great! I wish every site was like this one.","author_img":"shopify:\/\/shop_images\/author-1.jpg","author":"Jessica Priston","author_info":"Author's info"}},"1570720742315":{"type":"quote","settings":{"star":"none","quote":"Thank you again and again! I have experienced the fastest support ever. My order arrived on my doorstep the following day. Your team is always friendly and very helpful.","author_img":"shopify:\/\/shop_images\/author-2.jpg","author":"John Doe","author_info":"Author's info"}},"1570720757398":{"type":"quote","settings":{"star":"none","quote":"Hi, guys! I want to thank you for my very very quick delivery and I just love my order! Your company efficient services and customer care are second to none! I am very happy!","author_img":"shopify:\/\/shop_images\/author-3_5d1f8ffe-079c-4231-8953-f638be17c590.jpg","author":"Samanta Kromstain","author_info":"Author's info"}}},"block_order":["1570720694537","1570720742315","1570720757398"],"settings":{"title":"Testimonials","style":"type_1","caption_text":""}},"index-gallery":{"type":"index-gallery","blocks":{"1570721403761":{"type":"image","settings":{"item_img_alignment":"center","item_link":"shopify:\/\/collections\/all"}},"1570721408298":{"type":"image","settings":{"item_img_alignment":"center","item_link":"shopify:\/\/collections\/cameras"}},"1570721410573":{"type":"image","settings":{"item_img_alignment":"center","item_link":"shopify:\/\/products\/canon-xa10-professional-camcorder-with-64gb-internal-flash-memory-and-full-manual-control"}},"b63852dc-b817-4942-8557-b38708694ab9":{"type":"image","settings":{"item_img_alignment":"center","item_link":"shopify:\/\/products\/protocol-neodrone-mini-rc-drone"}},"b970b9b4-6b69-4f24-ab20-9e24df4ad9aa":{"type":"image","settings":{"item_img_alignment":"center","item_link":"shopify:\/\/products\/motion-computing-cl920-rugged-tablet-pc"}},"2f17c270-fa28-47b3-b990-71f8802e50ba":{"type":"image","settings":{"item_img_alignment":"center","item_link":"shopify:\/\/products\/protocol-neodrone-mini-rc-drone"}}},"block_order":["1570721403761","1570721408298","1570721410573","b63852dc-b817-4942-8557-b38708694ab9","b970b9b4-6b69-4f24-ab20-9e24df4ad9aa","2f17c270-fa28-47b3-b990-71f8802e50ba"],"settings":{"section_title":"Our Gallery","boxed":false,"items_count":"6"}},"index-blog-articles":{"type":"index-blog-articles","settings":{"section_title":"","section_blog":"","section_blog_limit":"2"}},"template-account":{"type":"template-account","settings":{"welcome_text":"From your \"My Account\" page you have the ability to view your recent account activity and update your account information. Just select a link below."}},"index-cms-block":{"type":"index-cms-block","blocks":{"1579010947537":{"type":"item","settings":{"title":"<p>Free Shipping on orders $35 and up<\/p>","link":"shopify:\/\/pages\/delivery-info","icon_type":"icon_delivery"}},"1579010968254":{"type":"item","settings":{"title":"<p>Free returns within 14 days<\/p>","link":"shopify:\/\/policies\/refund-policy","icon_type":"icon_return"}},"1579010984405":{"type":"item","settings":{"title":"<p>Price match guarantee<\/p>","link":"shopify:\/\/policies\/privacy-policy","icon_type":"icon_guarantee"}}},"block_order":["1579010947537","1579010968254","1579010984405"],"settings":{"section_title":""}},"index-logo-list":{"type":"index-logo-list","blocks":{"1595593962477":{"type":"logo_image","settings":{"image":"","link":"shopify:\/\/collections\/makeup-sets"}},"1595594047683":{"type":"logo_image","settings":{"image":"","link":"shopify:\/\/collections\/home-kitchen"}},"1595594060898":{"type":"logo_image","settings":{"image":"","link":"shopify:\/\/collections\/home-kitchen"}},"1595594075988":{"type":"logo_image","settings":{"image":"","link":"shopify:\/\/collections\/home-kitchen"}},"1595594103955":{"type":"logo_image","settings":{"image":"","link":"shopify:\/\/collections\/women-s-fashion"}},"1595594116881":{"type":"logo_image","settings":{"image":"","link":"shopify:\/\/collections\/accessories"}},"1595594153172":{"type":"logo_image","settings":{"image":"","link":"shopify:\/\/collections\/electronics"}},"1595594167506":{"type":"logo_image","settings":{"image":"","link":"shopify:\/\/collections\/dresses"}},"1595594183418":{"type":"logo_image","settings":{"image":"","link":"shopify:\/\/collections\/pet-supplies"}},"1595594203277":{"type":"logo_image","settings":{"image":"","link":"shopify:\/\/collections\/computer-accessories"}},"1595594219670":{"type":"logo_image","settings":{"image":"","link":"shopify:\/\/collections\/health-household"}},"1595594233232":{"type":"logo_image","settings":{"image":"","link":"shopify:\/\/collections\/active"}}},"block_order":["1595593962477","1595594047683","1595594060898","1595594075988","1595594103955","1595594116881","1595594153172","1595594167506","1595594183418","1595594203277","1595594219670","1595594233232"],"settings":{"section_title":"Brands","img_alignment":"center","show_carousel":true}},"template-personal-block":{"type":"template-personal-block","blocks":{"2441c0ce-7b0a-4141-8f32-8deaa4998200":{"type":"block_item","settings":{"item_title":"<p>John Doue<\/p>","item_text":"<p>Lorem ipsum dolor sit amet<\/p>","social_fb":"#","social_tw":"#","social_inst":"#","social_linkedin":"#","social_yt":""}},"257d772d-8139-4661-87e0-e52141706e43":{"type":"block_item","settings":{"item_title":"<p>John Doue<\/p>","item_text":"<p>Lorem ipsum dolor sit amet<\/p>","social_fb":"#","social_tw":"#","social_inst":"#","social_linkedin":"#","social_yt":""}},"8c01dee6-1827-410c-bdb7-b4fd54968066":{"type":"block_item","settings":{"item_title":"<p>John Doue<\/p>","item_text":"<p>Lorem ipsum dolor sit amet<\/p>","social_fb":"#","social_tw":"#","social_inst":"#","social_linkedin":"#","social_yt":""}}},"block_order":["2441c0ce-7b0a-4141-8f32-8deaa4998200","257d772d-8139-4661-87e0-e52141706e43","8c01dee6-1827-410c-bdb7-b4fd54968066"],"settings":{"background_toggle":true,"bg_color":"#f6f7f9","section_title":"Meet - our team","container_view":true,"container_settings":"container","social_menu":true}},"list-collections-type2":{"type":"list-collections-type2","blocks":{"b2e77079-5b38-459b-aee8-144099aaf644":{"type":"image","settings":{"bg_image":"shopify:\/\/shop_images\/col-bg-img.jpg","img_bg_alignment":"center","links":"collection-womens","item_description":"SHOP BY CATEGORY"}},"32b845e9-0841-4d64-a4f3-55cbd4ef4ebc":{"type":"image","settings":{"bg_image":"shopify:\/\/shop_images\/col-bg-img2.jpg","img_bg_alignment":"center","links":"collection-mens","item_description":"SHOP BY CATEGORY"}}},"block_order":["b2e77079-5b38-459b-aee8-144099aaf644","32b845e9-0841-4d64-a4f3-55cbd4ef4ebc"],"settings":{"section_view":"full_width","page_title":""}},"template-login":{"type":"template-login","settings":{"login_title":"Login"}},"template-terms":{"type":"template-terms","blocks":{"c12f67ef-265b-4c79-bd27-2ba5ed36a3c0":{"type":"tab-block","settings":{"widget_open_toggle_1":true,"element_1_header":"<p>OVERVIEW<\/p>","element_1_text":"<p>This website is operated by Home decor. Throughout the site, the terms “we”, “us” and “our” refer to Home decor. Home decor offers this website, including all information, tools and services available from this site to you, the user, conditioned upon your acceptance of all terms, conditions, policies and notices stated here.<\/p><p>By visiting our site and\/ or purchasing something from us, you engage in our “Service” and agree to be bound by the following terms and conditions (“Terms of Service”, “Terms”), including those additional terms and conditions and policies referenced herein and\/or available by hyperlink. These Terms of Service apply to all users of the site, including without limitation users who are browsers, vendors, customers, merchants, and\/ or contributors of content.<\/p><p>Please read these Terms of Service carefully before accessing or using our website. By accessing or using any part of the site, you agree to be bound by these Terms of Service. If you do not agree to all the terms and conditions of this agreement, then you may not access the website or use any services. If these Terms of Service are considered an offer, acceptance is expressly limited to these Terms of Service.<\/p><p>Any new features or tools which are added to the current store shall also be subject to the Terms of Service. You can review the most current version of the Terms of Service at any time on this page. We reserve the right to update, change or replace any part of these Terms of Service by posting updates and\/or changes to our website. It is your responsibility to check this page periodically for changes. Your continued use of or access to the website following the posting of any changes constitutes acceptance of those changes.<\/p><p>Our store is hosted on Shopify Inc. They provide us with the online e-commerce platform that allows us to sell our products and services to you.<\/p>"}},"e7266693-87db-417a-8ae9-eb6bca105b57":{"type":"tab-block","settings":{"widget_open_toggle_1":true,"element_1_header":"<p><strong>SECTION 1<\/strong> - <em>ONLINE STORE TERMS<\/em><\/p>","element_1_text":"<p>By agreeing to these Terms of Service, you represent that you are at least the age of majority in your state or province of residence, or that you are the age of majority in your state or province of residence and you have given us your consent to allow any of your minor dependents to use this site.<\/p><p>You may not use our products for any illegal or unauthorized purpose nor may you, in the use of the Service, violate any laws in your jurisdiction (including but not limited to copyright laws).<\/p><p>You must not transmit any worms or viruses or any code of a destructive nature.<br\/>A breach or violation of any of the Terms will result in an immediate termination of your Services.<\/p>"}},"d56df640-4a2b-4d0a-86a5-b61b6b6503d0":{"type":"tab-block","settings":{"widget_open_toggle_1":false,"element_1_header":"<p><strong>SECTION 2<\/strong> - <em>GENERAL CONDITIONS<\/em><\/p>","element_1_text":"<p>We reserve the right to refuse service to anyone for any reason at any time.<br\/>You understand that your content (not including credit card information), may be transferred unencrypted and involve (a) transmissions over various networks; and (b) changes to conform and adapt to technical requirements of connecting networks or devices. Credit card information is always encrypted during transfer over networks.<\/p><p>You agree not to reproduce, duplicate, copy, sell, resell or exploit any portion of the Service, use of the Service, or access to the Service or any contact on the website through which the service is provided, without express written permission by us.<\/p><p>The headings used in this agreement are included for convenience only and will not limit or otherwise affect these Terms.<\/p>"}},"2bbc44ad-ddc2-42d0-9be9-a42b46eb7ebe":{"type":"tab-block","settings":{"widget_open_toggle_1":false,"element_1_header":"<p><strong>SECTION 3<\/strong> - <em>ACCURACY, COMPLETENESS AND TIMELINESS OF INFORMATION<\/em><\/p>","element_1_text":"<p>We are not responsible if information made available on this site is not accurate, complete or current. The material on this site is provided for general information only and should not be relied upon or used as the sole basis for making decisions without consulting primary, more accurate, more complete or more timely sources of information. Any reliance on the material on this site is at your own risk.<\/p><p>This site may contain certain historical information. Historical information, necessarily, is not current and is provided for your reference only. We reserve the right to modify the contents of this site at any time, but we have no obligation to update any information on our site. You agree that it is your responsibility to monitor changes to our site.<\/p>"}},"d4464a40-42f8-453d-b746-84e7f07588c5":{"type":"tab-block","settings":{"widget_open_toggle_1":false,"element_1_header":"<p><strong>SECTION 4<\/strong> - <em>MODIFICATIONS TO THE SERVICE AND PRICES<\/em><\/p>","element_1_text":"<p>Prices for our products are subject to change without notice.<\/p><p>We reserve the right at any time to modify or discontinue the Service (or any part or content thereof) without notice at any time.<\/p><p>We shall not be liable to you or to any third-party for any modification, price change, suspension or discontinuance of the Service.<\/p>"}},"e07434d4-8859-410c-aa58-143f93404957":{"type":"tab-block","settings":{"widget_open_toggle_1":false,"element_1_header":"<p><strong>SECTION 5<\/strong> - <em>PRODUCTS OR SERVICES (if applicable)<\/em><\/p>","element_1_text":"<p>Certain products or services may be available exclusively online through the website.<\/p><p>These products or services may have limited quantities and are subject to return or exchange only according to our Return Policy.<\/p><p>We have made every effort to display as accurately as possible the colors and images of our products that appear at the store. We cannot guarantee that your computer monitor&#x27;s display of any color will be accurate.<\/p><p>We reserve the right, but are not obligated, to limit the sales of our products or Services to any person, geographic region or jurisdiction. We may exercise this right on a case-by-case basis. We reserve the right to limit the quantities of any products or services that we offer. All descriptions of products or product pricing are subject to change at anytime without notice, at the sole discretion of us. We reserve the right to discontinue any product at any time. Any offer for any product or service made on this site is void where prohibited.<\/p><p>We do not warrant that the quality of any products, services, information, or other material purchased or obtained by you will meet your expectations, or that any errors in the Service will be corrected.<\/p>"}},"442cc72c-4386-4ac6-8abb-bdaac39bd3a5":{"type":"tab-block","settings":{"widget_open_toggle_1":false,"element_1_header":"<p><strong>SECTION 6<\/strong> - <em>ACCURACY OF BILLING AND ACCOUNT INFORMATION<\/em><\/p>","element_1_text":"<p>We reserve the right to refuse any order you place with us. We may, in our sole discretion, limit or cancel quantities purchased per person, per household or per order. These restrictions may include orders placed by or under the same customer account, the same credit card, and\/or orders that use the same billing and\/or shipping address. In the event that we make a change to or cancel an order, we may attempt to notify you by contacting the e‑mail and\/or billing address\/phone number provided at the time the order was made. We reserve the right to limit or prohibit orders that, in our sole judgment, appear to be placed by dealers, resellers or distributors.<\/p><p>You agree to provide current, complete and accurate purchase and account information for all purchases made at our store. You agree to promptly update your account and other information, including your email address and credit card numbers and expiration dates, so that we can complete your transactions and contact you as needed.<\/p><p>For more detail, please review our Returns Policy<\/p>"}},"d2216bc6-9725-4ad3-abc6-ba0dcf0566e3":{"type":"tab-block","settings":{"widget_open_toggle_1":false,"element_1_header":"<p><strong>SECTION 7<\/strong> - <em>OPTIONAL TOOLS<\/em><\/p>","element_1_text":"<p>We may provide you with access to third-party tools over which we neither monitor nor have any control nor input.<\/p><p>You acknowledge and agree that we provide access to such tools ”as is” and “as available” without any warranties, representations or conditions of any kind and without any endorsement. We shall have no liability whatsoever arising from or relating to your use of optional third-party tools.<\/p><p>Any use by you of optional tools offered through the site is entirely at your own risk and discretion and you should ensure that you are familiar with and approve of the terms on which tools are provided by the relevant third-party provider(s).<\/p><p>We may also, in the future, offer new services and\/or features through the website (including, the release of new tools and resources). Such new features and\/or services shall also be subject to these Terms of Service.<\/p>"}},"d760c150-7ad4-416f-8a79-533600de2973":{"type":"tab-block","settings":{"widget_open_toggle_1":false,"element_1_header":"<p><strong>SECTION 8<\/strong> - <em>THIRD-PARTY LINKS<\/em><\/p>","element_1_text":"<p>Certain content, products and services available via our Service may include materials from third-parties.<\/p><p>Third-party links on this site may direct you to third-party websites that are not affiliated with us. We are not responsible for examining or evaluating the content or accuracy and we do not warrant and will not have any liability or responsibility for any third-party materials or websites, or for any other materials, products, or services of third-parties.<\/p><p>We are not liable for any harm or damages related to the purchase or use of goods, services, resources, content, or any other transactions made in connection with any third-party websites. Please review carefully the third-party&#x27;s policies and practices and make sure you understand them before you engage in any transaction. Complaints, claims, concerns, or questions regarding third-party products should be directed to the third-party.<\/p>"}},"831445b3-0f43-4ce3-a2c2-0a60576237a2":{"type":"tab-block","settings":{"widget_open_toggle_1":false,"element_1_header":"<p><strong>SECTION 9<\/strong> - <em>USER COMMENTS, FEEDBACK AND OTHER SUBMISSIONS<\/em><\/p>","element_1_text":"<p>If, at our request, you send certain specific submissions (for example contest entries) or without a request from us you send creative ideas, suggestions, proposals, plans, or other materials, whether online, by email, by postal mail, or otherwise (collectively, &#x27;comments&#x27;), you agree that we may, at any time, without restriction, edit, copy, publish, distribute, translate and otherwise use in any medium any comments that you forward to us. We are and shall be under no obligation (1) to maintain any comments in confidence; (2) to pay compensation for any comments; or (3) to respond to any comments.<\/p><p>We may, but have no obligation to, monitor, edit or remove content that we determine in our sole discretion are unlawful, offensive, threatening, libelous, defamatory, pornographic, obscene or otherwise objectionable or violates any party’s intellectual property or these Terms of Service.<\/p><p>You agree that your comments will not violate any right of any third-party, including copyright, trademark, privacy, personality or other personal or proprietary right. You further agree that your comments will not contain libelous or otherwise unlawful, abusive or obscene material, or contain any computer virus or other malware that could in any way affect the operation of the Service or any related website. You may not use a false e‑mail address, pretend to be someone other than yourself, or otherwise mislead us or third-parties as to the origin of any comments. You are solely responsible for any comments you make and their accuracy.<\/p><p>We take no responsibility and assume no liability for any comments posted by you or any third-party.<br\/><\/p>"}},"64353f1c-5ec6-4c53-9dc9-aedd884d35c9":{"type":"tab-block","settings":{"widget_open_toggle_1":false,"element_1_header":"<p><strong>SECTION 10<\/strong> - <em>PERSONAL INFORMATION<\/em><\/p>","element_1_text":"<p>Your submission of personal information through the store is governed by our Privacy Policy. To view our Privacy Policy.<\/p>"}},"d0c672d1-cdcb-49fc-8b38-d45a8dd23711":{"type":"tab-block","settings":{"widget_open_toggle_1":false,"element_1_header":"<p><strong>SECTION 11 - <\/strong><em>ERRORS, INACCURACIES AND OMISSIONS<\/em><br\/><\/p>","element_1_text":"<p>Occasionally there may be information on our site or in the Service that contains typographical errors, inaccuracies or omissions that may relate to product descriptions, pricing, promotions, offers, product shipping charges, transit times and availability. We reserve the right to correct any errors, inaccuracies or omissions, and to change or update information or cancel orders if any information in the Service or on any related website is inaccurate at any time without prior notice (including after you have submitted your order).<\/p><p>We undertake no obligation to update, amend or clarify information in the Service or on any related website, including without limitation, pricing information, except as required by law. No specified update or refresh date applied in the Service or on any related website, should be taken to indicate that all information in the Service or on any related website has been modified or updated<\/p>"}},"9dfc7903-057d-4da9-a248-cb35bf8988df":{"type":"tab-block","settings":{"widget_open_toggle_1":false,"element_1_header":"<p><strong>SECTION 12 <\/strong>-<strong> <\/strong><em>PROHIBITED USES<\/em><br\/><\/p>","element_1_text":"<p>In addition to other prohibitions as set forth in the Terms of Service, you are prohibited from using the site or its content: (a) for any unlawful purpose; (b) to solicit others to perform or participate in any unlawful acts; (c) to violate any international, federal, provincial or state regulations, rules, laws, or local ordinances; (d) to infringe upon or violate our intellectual property rights or the intellectual property rights of others; (e) to harass, abuse, insult, harm, defame, slander, disparage, intimidate, or discriminate based on gender, sexual orientation, religion, ethnicity, race, age, national origin, or disability; (f) to submit false or misleading information; (g) to upload or transmit viruses or any other type of malicious code that will or may be used in any way that will affect the functionality or operation of the Service or of any related website, other websites, or the Internet; (h) to collect or track the personal information of others; (i) to spam, phish, pharm, pretext, spider, crawl, or scrape; (j) for any obscene or immoral purpose; or (k) to interfere with or circumvent the security features of the Service or any related website, other websites, or the Internet. We reserve the right to terminate your use of the Service or any related website for violating any of the prohibited uses.<\/p>"}},"94db150e-ccaa-4979-ae3a-f43e02693e49":{"type":"tab-block","settings":{"widget_open_toggle_1":false,"element_1_header":"<p><strong>SECTION 13 <\/strong>- <em>DISCLAIMER OF WARRANTIES; LIMITATION OF LIABILITY<\/em><br\/><\/p>","element_1_text":"<p>We do not guarantee, represent or warrant that your use of our service will be uninterrupted, timely, secure or error-free.<\/p><p>We do not warrant that the results that may be obtained from the use of the service will be accurate or reliable.<\/p><p>You agree that from time to time we may remove the service for indefinite periods of time or cancel the service at any time, without notice to you.<\/p><p>You expressly agree that your use of, or inability to use, the service is at your sole risk. The service and all products and services delivered to you through the service are (except as expressly stated by us) provided &#x27;as is&#x27; and &#x27;as available&#x27; for your use, without any representation, warranties or conditions of any kind, either express or implied, including all implied warranties or conditions of merchantability, merchantable quality, fitness for a particular purpose, durability, title, and non-infringement.<br\/>In no case shall Vendy (tm-shopify065-clothes), our directors, officers, employees, affiliates, agents, contractors, interns, suppliers, service providers or licensors be liable for any injury, loss, claim, or any direct, indirect, incidental, punitive, special, or consequential damages of any kind, including, without limitation lost profits, lost revenue, lost savings, loss of data, replacement costs, or any similar damages, whether based in contract, tort (including negligence), strict liability or otherwise, arising from your use of any of the service or any products procured using the service, or for any other claim related in any way to your use of the service or any product, including, but not limited to, any errors or omissions in any content, or any loss or damage of any kind incurred as a result of the use of the service or any content (or product) posted, transmitted, or otherwise made available via the service, even if advised of their possibility.<\/p><p>Because some states or jurisdictions do not allow the exclusion or the limitation of liability for consequential or incidental damages, in such states or jurisdictions, our liability shall be limited to the maximum extent permitted by law.<\/p>"}},"e95ad241-94ab-46ac-b3bb-2985762de14f":{"type":"tab-block","settings":{"widget_open_toggle_1":false,"element_1_header":"<p><strong>SECTION 14 <\/strong>- <em>INDEMNIFICATION<\/em><br\/><\/p>","element_1_text":"<p>You agree to indemnify, defend and hold harmless theme Vendy(tm-shopify065-clothes) and our parent, subsidiaries, affiliates, partners, officers, directors, agents, contractors, licensors, service providers, subcontractors, suppliers, interns and employees, harmless from any claim or demand, including reasonable attorneys’ fees, made by any third-party due to or arising out of your breach of these Terms of Service or the documents they incorporate by reference, or your violation of any law or the rights of a third-party.<\/p>"}},"825084dd-7631-466d-a04e-b21267768de0":{"type":"tab-block","settings":{"widget_open_toggle_1":false,"element_1_header":"<p><strong>SECTION 15<\/strong> - <em>SEVERABILITY<\/em><br\/><\/p>","element_1_text":"<p>n the event that any provision of these Terms of Service is determined to be unlawful, void or unenforceable, such provision shall nonetheless be enforceable to the fullest extent permitted by applicable law, and the unenforceable portion shall be deemed to be severed from these Terms of Service, such determination shall not affect the validity and enforceability of any other remaining provisions.<\/p>"}},"b333bc2d-0689-4e54-9d28-c4f5d8712e06":{"type":"tab-block","settings":{"widget_open_toggle_1":false,"element_1_header":"<p><strong>SECTION 16<\/strong> - T<em>ERMINATION<\/em><br\/><\/p>","element_1_text":"<p>The obligations and liabilities of the parties incurred prior to the termination date shall survive the termination of this agreement for all purposes.<br\/>These Terms of Service are effective unless and until terminated by either you or us. You may terminate these Terms of Service at any time by notifying us that you no longer wish to use our Services, or when you cease using our site.<br\/>If in our sole judgment you fail, or we suspect that you have failed, to comply with any term or provision of these Terms of Service, we also may terminate this agreement at any time without notice and you will remain liable for all amounts due up to and including the date of termination; and\/or accordingly may deny you access to our Services (or any part thereof).<\/p>"}},"5cb9662c-8e0a-4997-9541-5d2fc82c5691":{"type":"tab-block","settings":{"widget_open_toggle_1":false,"element_1_header":"<p><strong>SECTION 17<\/strong> - <em>ENTIRE AGREEMENT<br\/><\/em><\/p>","element_1_text":"<p>The failure of us to exercise or enforce any right or provision of these Terms of Service shall not constitute a waiver of such right or provision.<\/p><p>These Terms of Service and any policies or operating rules posted by us on this site or in respect to The Service constitutes the entire agreement and understanding between you and us and govern your use of the Service, superseding any prior or contemporaneous agreements, communications and proposals, whether oral or written, between you and us (including, but not limited to, any prior versions of the Terms of Service).<\/p><p>Any ambiguities in the interpretation of these Terms of Service shall not be construed against the drafting party.<\/p>"}},"aa5b363b-4589-49cc-adbe-ab9c6b00327b":{"type":"tab-block","settings":{"widget_open_toggle_1":false,"element_1_header":"<p><strong>SECTION 18 <\/strong>- <em>CONTACT INFORMATION<\/em><\/p>","element_1_text":"<p>Questions about the Terms of Service should be sent to us at <em>shopify@templatemonster.com.<\/em><\/p>"}}},"block_order":["c12f67ef-265b-4c79-bd27-2ba5ed36a3c0","e7266693-87db-417a-8ae9-eb6bca105b57","d56df640-4a2b-4d0a-86a5-b61b6b6503d0","2bbc44ad-ddc2-42d0-9be9-a42b46eb7ebe","d4464a40-42f8-453d-b746-84e7f07588c5","e07434d4-8859-410c-aa58-143f93404957","442cc72c-4386-4ac6-8abb-bdaac39bd3a5","d2216bc6-9725-4ad3-abc6-ba0dcf0566e3","d760c150-7ad4-416f-8a79-533600de2973","831445b3-0f43-4ce3-a2c2-0a60576237a2","64353f1c-5ec6-4c53-9dc9-aedd884d35c9","d0c672d1-cdcb-49fc-8b38-d45a8dd23711","9dfc7903-057d-4da9-a248-cb35bf8988df","94db150e-ccaa-4979-ae3a-f43e02693e49","e95ad241-94ab-46ac-b3bb-2985762de14f","825084dd-7631-466d-a04e-b21267768de0","b333bc2d-0689-4e54-9d28-c4f5d8712e06","5cb9662c-8e0a-4997-9541-5d2fc82c5691","aa5b363b-4589-49cc-adbe-ab9c6b00327b"],"settings":{"show_title":true,"text_title":""}},"footer-4":{"type":"footer-4","settings":{"footer_newsletter":true,"container_settings":"container","title":"our newsletter","text":"Enjoy 10% off your first order when you join our mailing list.","background_toggle":false,"inverted":false,"type_line":false,"offset-sm":false,"bg_color":"#ffffff","payment_icons_toggle":true,"footer_logo":true,"footer_logo_type":"img","footer_logo_main":"shopify:\/\/shop_images\/VENDY.png","footer_logo_slogan":"","powered_toggle":true,"social_menu":false,"footer_submenu":"company"}},"index-divider":{"type":"index-divider","settings":{"section_view":"container","type_value":"px","padding_top":0,"padding_bottom":0,"padding_top_vw":0,"padding_bottom_vw":0,"margin_top":0,"margin_bottom":0,"background_color":"","tablet_padding_top":0,"tablet_padding_bottom":0,"tablet_margin_top":0,"tablet_margin_bottom":0}},"index-counter":{"type":"index-counter","blocks":{"76f9502b-33aa-486d-95bc-010272f53acd":{"type":"item","settings":{"title":"Team members","number":"24+"}},"e3ab9313-72c8-4697-826a-b9bd59bf494c":{"type":"item","settings":{"title":"Year founded","number":"2010"}},"41795b6c-44a5-4eda-8cf4-d963bd6697e1":{"type":"item","settings":{"title":"Customers","number":"15k"}},"ab43daea-6bcc-4ebc-8485-6a01616793bd":{"type":"item","settings":{"title":"In total funding","number":"$10m"}}},"block_order":["76f9502b-33aa-486d-95bc-010272f53acd","e3ab9313-72c8-4697-826a-b9bd59bf494c","41795b6c-44a5-4eda-8cf4-d963bd6697e1","ab43daea-6bcc-4ebc-8485-6a01616793bd"],"settings":{}},"maestrooo-instagram":{"type":"maestrooo-instagram","settings":{"title":"<p>@ Follow us on Instagram<\/p>","subheading":"","button_text":"","layout":"grid","image_size":"small","full_width":true,"add_spacing":false,"rows_count":1,"show_author":false,"show_caption":true,"show_date":true,"click_action":"open_instagram","heading_color":"#000000","subheading_color":"#000000","button_background":"#000000","button_color":"#ffffff","overlay_color":"#000000","overlay_text_color":"#ffffff","overlay_opacity":10}},"header":{"type":"header","blocks":{"e88dc543-fd82-4868-9af3-49c4f14c6164":{"type":"3link-2banners","settings":{"title":"Home","link":"\/","show_title":true,"badge_text":"","badge_color":"#121212","bg_color":"#394cb3","links_1":"homepages","links_2":"header-layouts","links_3":"","banner_link_1":"shopify:\/\/collections\/watches","banner_image_1":"shopify:\/\/shop_images\/sk2_mb1_6309a820-c243-41e8-8e3d-1006eb5e9b54.jpg","item_title_1":"Clearance Sales","item_subtitle_1":"","item_text_1":"Up to 70% Off & Free Shipping","banner_style_1":"type-2","banner_position_vertical_1":"center","banner_position_horizontal_1":"center","banner_align_1":"center","banner_inverted_1":false,"use_offset":false,"banner_link_2":"shopify:\/\/collections\/watches","banner_image_2":"shopify:\/\/shop_images\/sk2_mb2_94c4881d-34ff-4406-ab99-96328b79cc2f.jpg","item_title_2":"","item_subtitle_2":"Official <br> Timekeeper <br>","item_text_2":"SHOP NOW","banner_style_2":"type-1","banner_position_vertical_2":"center","banner_position_horizontal_2":"center","banner_align_2":"center","banner_inverted_2":true}},"15352f9b-3a4a-431b-b989-e76bf12c6807":{"type":"4link","settings":{"image_bg_control":true,"bg_image":"shopify:\/\/shop_images\/sk2_mb3_78c69eaf-740a-4f31-b61b-b4fef5eca72a.jpg","img_alignment":"center","title":"Shop","link":"","badge_text":"","badge_color":"#121212","bg_color":"#159ec9","show_title":true,"links_1":"shop-layouts","links_2":"product-pages","links_3":"other-pages","links_4":""}},"1598969722757":{"type":"link-linklist","settings":{"title":"Pages","link":"#","links":"pages","badge_text":"","badge_color":"#121212","bg_color":"#394cb3","custom_item_class":""}},"160071c7-9ac6-40ed-b060-b4d09235834b":{"type":"link-linklist","settings":{"title":"Blog","link":"","links":"blog","badge_text":"","badge_color":"#121212","bg_color":"#394cb3","custom_item_class":""}},"a9ed6090-970a-4f21-b2f1-5c8b92bb6aa6":{"type":"3link-2prod-2ban","settings":{"title":"Sale","link":"","badge_text":"","badge_color":"#121212","bg_color":"#159ec9","show_title":true,"links_1":"clothing","links_2":"shoes","links_3":"accessories","products_title":"Features products","single_product_1":"emporio-armani-mens-watch","single_product_2":"gucci-g-timeless-gold-plated-leather-watch","banner_link_1":"shopify:\/\/collections\/watches","banner_image_1":"shopify:\/\/shop_images\/sk2_mb4_c1d164b1-f2b9-4adb-b0f0-c41d5961a00c.jpg","item_title_1":"Men’s offers","item_text_1":"Get Up 20% off","banner_style_1":"type-1","banner_position_vertical_1":"center","banner_position_horizontal_1":"start","banner_align_1":"center","banner_inverted_1":false,"banner_link_2":"shopify:\/\/collections\/watches","banner_image_2":"shopify:\/\/shop_images\/sk2_mb5_922278a7-493f-4ccb-9d48-8d0b4b7079f7.jpg","item_title_2":"Special Offers","item_text_2":"Final clearance!","banner_style_2":"type-1","banner_position_vertical_2":"center","banner_position_horizontal_2":"start","banner_align_2":"center","banner_inverted_2":false}},"48794438-a662-406b-96e8-cceee16307ca":{"type":"link-simple","settings":{"title":"Buy theme!","link":"https:\/\/themeforest.net\/item\/vendy-multipurpose-shopify-theme-for-fashion\/31901809","badge_text":"","badge_color":"#121212","bg_color":"#1c54e2","custom_item_class":""}}},"block_order":["e88dc543-fd82-4868-9af3-49c4f14c6164","15352f9b-3a4a-431b-b989-e76bf12c6807","1598969722757","160071c7-9ac6-40ed-b060-b4d09235834b","a9ed6090-970a-4f21-b2f1-5c8b92bb6aa6","48794438-a662-406b-96e8-cceee16307ca"],"settings":{"headermaxwidth":1880,"htheight":90,"header_sticky":true,"header_type":"2","header_absolute":false,"bg_headermain":"#ffffff","inverted_headermain":false,"bg_ms_h":"#ffffff","inverted_ms_h":false,"h_ms_height":46,"logo_type":"img","logo_width":120,"logo_height":40,"logo_main":"shopify:\/\/shop_images\/VENDY.png","use_logo_inverted":false,"logo_txt":"Logo","logo_slogan":"","use_currency_selector":true,"header_search":true,"header_search_ajax":true,"view_search":"type-1","header_user":true,"view_login":"type-2","enable_header_wishlist":true,"view_wishlist":"type-1","header_cart":true,"ajax_cart":true,"view_cart":"type-1","megamenu_toggle":true,"menu_burger":false,"megamenu_position":"center","default_menu":"main-menu","header_topbar":true,"header_hidetopbar":true,"bg_topbar":"#1472b6","inverted_topbar":true,"htbheight":40,"header_tb_cs":true,"header_bottombar":false,"bottom_panel_text":"Free shipping on orders over $100","bottom_panel_link":"","bottom_panel_text_2":"Free Click & Collect to US stores*","bottom_panel_link_2":"","bottom_panel_text_3":"Free and easy domestic returns","bottom_panel_link_3":"","hbbheight":35,"social_menu":true,"use_contactinfo":true,"contacts_text":"","contacts_phone":"","top_panel_text":"<p>Enjoy <strong>FREE<\/strong> standard delivery on orders over <strong>$100<\/strong><\/p>","use_txt_slider":false,"tb-item-text_1":"<p>Text slide <a href=\"\/collections\/all\" title=\"All products\"> #1<\/a><\/p>","tb-item-text_2":"<p>Text slide  <a href=\"\/products\/black-canvas-stripe-sole-trainer\" title=\"Black Canvas Stripe Sole Trainer\">#2<\/a><\/p>","tb-item-text_3":"<p>Text slide  <a href=\"\/products\/black-chunky-platform-block-heel-chelsea-boots\" title=\"Black Chunky Platform Block Heel Chelsea Boots\">#3<\/a><\/p>"}},"section-announcement-bar":{"type":"section-announcement-bar","settings":{"display_ab":false,"container_width":"container","ab_height":30,"bg_type":"color_bg","bg_section":"#DFDFDF","text_color":"#ffffff","content":"","link_type_banner":false,"item_link":"","against_view_period":""}}},"content_for_index":[]}}