{"sections":{"template-collection":{"type":"template-collection","blocks":{"ea16d3dc-6245-43cf-9e81-22a3a24774b1":{"type":"widget_collections","settings":{"title":"Sidebar Collections","widget_open_toggle":false}},"c2a28dc6-e289-4cb8-9b3e-43d073e82a7a":{"type":"widget_linklist","settings":{"title":"Sidebar Linklist","links":"accessories","widget_open_toggle":false}},"c2f2d0fe-c7a9-43b1-9fe1-0d0b1aa08b7b":{"type":"widget_search","settings":{"title":"Sidebar Search"}},"177bc111-e532-4a87-a80a-be80c60a187e":{"type":"widget_products","settings":{"title":"Products","products_collections":"living-room"}},"9dfc57d5-c800-41d0-a9f2-231d8171a079":{"type":"widget_banner","settings":{"image":"shopify:\/\/shop_images\/Rectangle.jpg","banner_height":"large","title":"<p>Final Sale! <em>-15% OFF<\/em><\/p>","text":"shop now","link":"shopify:\/\/collections\/all"}},"51d4e885-33b7-4d39-9011-5fb91118bb7c":{"type":"Banner","settings":{"col_banner_image":"shopify:\/\/shop_images\/Rectangle_190.jpg","col_banner_height":"large","col_title":"<p>New Arrivals<\/p>","col_text":"Get up to 20% off","col_link":"shopify:\/\/collections","col_link_text":"shop now"}},"c215670a-f18a-46b4-8703-59f4aa30bb22":{"type":"tag_image","settings":{"tag_text":"red"}}},"block_order":["ea16d3dc-6245-43cf-9e81-22a3a24774b1","c2a28dc6-e289-4cb8-9b3e-43d073e82a7a","c2f2d0fe-c7a9-43b1-9fe1-0d0b1aa08b7b","177bc111-e532-4a87-a80a-be80c60a187e","9dfc57d5-c800-41d0-a9f2-231d8171a079","51d4e885-33b7-4d39-9011-5fb91118bb7c","c215670a-f18a-46b4-8703-59f4aa30bb22"],"settings":{"sidebar_collection_toggle":true,"sidebar_collection_position":"sidebar_left","enable_filter_column":false,"enable_filtering":true,"enable_sorting":true,"enable_viewing":true,"collapse_on_larger_devices":false,"side_collapse_filter":"left","type_price_range":"only_slider","use_button_filter":false,"round_color_pick":false,"items_per_page":"6","use_info":false,"container_width":"full_width","bg_section":"rgba(0,0,0,0)","inset_section":"0","offset_section":"0px 0px 3.3% 0px","info_style":"style_1","img_column":"2","descr_column":"8","descr_align_column":"start-left","collection_desc_toggle":true,"collection_tags_toggle":false,"collection_image_toggle":true,"tags_option":"tag_test","products_collection":"frontpage","type_image_col":"def_size_image","caption_inverted":false,"custom_collection_class":"","collection_img_alignment":"center"}}},"order":["template-collection"]}