{"sections":{"template-collection":{"type":"template-collection","blocks":{"796078a3-b23b-4b13-a2cf-23f3bad4a009":{"type":"widget_filter","settings":{"title":"","widget_open_toggle":true}},"ea16d3dc-6245-43cf-9e81-22a3a24774b1":{"type":"widget_collections","settings":{"title":"Collections","widget_open_toggle":false}},"c2f2d0fe-c7a9-43b1-9fe1-0d0b1aa08b7b":{"type":"widget_search","settings":{"title":"Sidebar Search"}},"177bc111-e532-4a87-a80a-be80c60a187e":{"type":"widget_products","settings":{"title":"Products","products_collections":"bracelets"}},"9dfc57d5-c800-41d0-a9f2-231d8171a079":{"type":"widget_banner","settings":{"image":"shopify:\/\/shop_images\/img_22.png","banner_height":"large","title":"<p>Final Sale! <em>-15% OFF<\/em><\/p>","text":"shop now","link":"shopify:\/\/collections\/all"}}},"block_order":["796078a3-b23b-4b13-a2cf-23f3bad4a009","ea16d3dc-6245-43cf-9e81-22a3a24774b1","c2f2d0fe-c7a9-43b1-9fe1-0d0b1aa08b7b","177bc111-e532-4a87-a80a-be80c60a187e","9dfc57d5-c800-41d0-a9f2-231d8171a079"],"settings":{"sidebar_collection_toggle":true,"sidebar_collection_position":"sidebar_right","enable_filter_column":true,"enable_filtering":true,"enable_sorting":true,"enable_viewing":true,"collapse_on_larger_devices":false,"side_collapse_filter":"left","type_price_range":"default","use_button_filter":false,"round_color_pick":false,"items_per_page":"9","use_info":false,"container_width":"container","bg_section":"rgba(0,0,0,0)","inset_section":"0","offset_section":"0 0px 3.3% 0px","info_style":"style_2","img_column":"10","descr_column":"10","descr_align_column":"align-center","collection_desc_toggle":false,"collection_tags_toggle":true,"collection_image_toggle":false,"tags_option":"tag_img","products_collection":"frontpage","type_image_col":"def_size_image","caption_inverted":false,"custom_collection_class":"","collection_img_alignment":"center"}}},"order":["template-collection"]}