{"sections":{"template-collection":{"type":"template-collection","blocks":{"baae2f3f-b297-4ee9-b5cc-0f6eb565122d":{"type":"widget_collections","settings":{"title":"Collections","widget_open_toggle":true}},"c0464223-b22f-4299-a6b5-36fe6d209a27":{"type":"widget_linklist","settings":{"title":"Product vendors","links":"vendor-men","widget_open_toggle":true}},"c2f2d0fe-c7a9-43b1-9fe1-0d0b1aa08b7b":{"type":"widget_search","settings":{"title":"Sidebar Search"}},"177bc111-e532-4a87-a80a-be80c60a187e":{"type":"widget_products","settings":{"title":"Products","products_collections":"earrings"}},"9dfc57d5-c800-41d0-a9f2-231d8171a079":{"type":"widget_banner","settings":{"image":"shopify:\/\/shop_images\/img_08_7bfea05e-f444-475d-a813-9fc7db59807d.png","banner_height":"large","title":"<p>Final Sale! <em>-15% OFF<\/em><\/p>","text":"shop now","link":"shopify:\/\/collections\/all"}},"21c1db47-755c-4ee1-addf-62d0dc5a1fe9":{"type":"Banner","settings":{"col_banner_image":"shopify:\/\/shop_images\/banner-2.jpg","col_banner_height":"large","col_title":"<p>New Arrivals<\/p>","col_text":"Get up to 20% off","col_link":"shopify:\/\/collections\/fashion","col_link_text":"shop now"}}},"block_order":["baae2f3f-b297-4ee9-b5cc-0f6eb565122d","c0464223-b22f-4299-a6b5-36fe6d209a27","c2f2d0fe-c7a9-43b1-9fe1-0d0b1aa08b7b","177bc111-e532-4a87-a80a-be80c60a187e","9dfc57d5-c800-41d0-a9f2-231d8171a079","21c1db47-755c-4ee1-addf-62d0dc5a1fe9"],"settings":{"sidebar_collection_toggle":true,"sidebar_collection_position":"sidebar_left","enable_filter_column":false,"enable_filtering":true,"enable_sorting":true,"enable_viewing":true,"collapse_on_larger_devices":true,"side_collapse_filter":"left","type_price_range":"default","use_button_filter":false,"round_color_pick":false,"items_per_page":"6","use_info":false,"container_width":"full_width","bg_section":"rgba(0,0,0,0)","inset_section":"0","offset_section":"6.6% 0px 3.3% 0px","info_style":"style_1","img_column":"3","descr_column":"7","descr_align_column":"align-center","collection_desc_toggle":false,"collection_tags_toggle":false,"collection_image_toggle":false,"tags_option":"tag_test","products_collection":"sale","type_image_col":"def_size_image","caption_inverted":false,"custom_collection_class":"","collection_img_alignment":"center"}}},"order":["template-collection"]}