{"sections":{"165182610209343029":{"type":"index-slideshow","blocks":{"1651826102bf890767-0":{"type":"image","settings":{"image":"shopify:\/\/shop_images\/img_01.png","bg_animation":"kenburns-top","img_alignment":"top","bg_pos_mobile":50,"use_bgo":false,"bg_color":"","bg_color_opacity":0.5,"caption_animation":"none","inverted":true,"caption_position":"center","caption_align":"center","caption_size":"large","inset_block":"6% 7% 6% 7%","use_bgc":false,"bgc_color":"","bgc_color_opacity":0.5,"item_title_1":"<p>Find the <\/p><p><em> Perfect Jewelry<\/em><\/p><p><em> Make it yours.<\/em><\/p>","title_animation":"none","color_title":"#121212","item_subtitle_1":"<p>Clearance sale<\/p>","subtitle_animation":"none","color_subtitle":"#121212","item_text_1":"<p>Jewelry has to power to make you feel unique.<\/p>","color_text":"#797b7e","url_text":"Discover now","slide_link":"shopify:\/\/collections\/bracelets","btn_style":"btn-primary","btn_size":"btn-lg","slide_video_on":false,"item_url":"https:\/\/www.youtube.com\/embed\/KU6fYlSsvkI","margin_title":19,"margin_text":16,"margin_btn":35}},"1651826102bf890767-1":{"type":"image","settings":{"image":"shopify:\/\/shop_images\/img_04_e85c6274-676d-4798-b7a2-892c7bd03a2b.png","bg_animation":"none","img_alignment":"top","bg_pos_mobile":50,"use_bgo":false,"bg_color":"","bg_color_opacity":0.5,"caption_animation":"none","inverted":false,"caption_position":"left","caption_align":"left","caption_size":"large","inset_block":"6% 7% 6% 0","use_bgc":false,"bgc_color":"","bgc_color_opacity":0.5,"item_title_1":"<p>Diamond <br\/><em>Jewellery Collection<\/em><\/p>","title_animation":"none","color_title":"#121212","item_subtitle_1":"<p>BRING YOUR IDEA TO LIFE<\/p>","subtitle_animation":"none","color_subtitle":"#121212","item_text_1":"<p>Every piece of jewelry tells a story.<\/p>","color_text":"#797b7e","url_text":"Discower now","slide_link":"shopify:\/\/collections\/ring","btn_style":"btn-primary","btn_size":"btn-lg","slide_video_on":false,"item_url":"https:\/\/www.youtube.com\/embed\/KU6fYlSsvkI","margin_title":15,"margin_text":15,"margin_btn":30}},"a50c25e9-50e3-4bf2-8890-de44cf0ab594":{"type":"image","settings":{"image":"shopify:\/\/shop_images\/img_05_16fb9d41-9c57-4557-b8a0-92307267c9c5.png","bg_animation":"none","img_alignment":"top","bg_pos_mobile":50,"use_bgo":false,"bg_color":"","bg_color_opacity":0.5,"caption_animation":"none","inverted":false,"caption_position":"left","caption_align":"left","caption_size":"large","inset_block":"6% 7% 6% 0","use_bgc":false,"bgc_color":"","bgc_color_opacity":0.5,"item_title_1":"<p>Custom <em>designs<\/em><\/p>","title_animation":"none","color_title":"#121212","item_subtitle_1":"<p>ONLINE BOUTIQUE<\/p>","subtitle_animation":"none","color_subtitle":"#121212","item_text_1":"<p>If you want to be more elegant and stylish, you  <\/p><p>should try on our goods.<\/p>","color_text":"#797b7e","url_text":"Discover now","slide_link":"shopify:\/\/collections\/earrings","btn_style":"btn-primary","btn_size":"btn-lg","slide_video_on":false,"item_url":"https:\/\/www.youtube.com\/embed\/KU6fYlSsvkI","margin_title":19,"margin_text":23,"margin_btn":34}}},"block_order":["1651826102bf890767-0","1651826102bf890767-1","a50c25e9-50e3-4bf2-8890-de44cf0ab594"],"settings":{"container_width":"full-width","slideshow_img_type":"bg","padding_desktop":400,"padding_mobile":210,"slideshow_height":"medium","autoplay":true,"autoplay_delay":"10000","autoplay_speed":"4000","slideshow_pagination":"bullets","slideshow_effect":"slide"}},"1627899736175f45d2":{"type":"index-divider","settings":{"section_view":"container","type_value":"px","padding_top":100,"padding_bottom":0,"padding_top_vw":0,"padding_bottom_vw":0,"margin_top":0,"margin_bottom":0,"background_color":"","tablet_padding_top":26,"tablet_padding_bottom":24,"tablet_margin_top":0,"tablet_margin_bottom":0}},"16518261081ee47d7a":{"type":"index-custom-content","blocks":{"5437e4b1-5467-4feb-a2ef-832ae8b12dc2":{"type":"html","settings":{"custom_class":"","code":"<div class=\"container container-md text-center block-section_custom_text\">\n\t<p class=\"custom_text mb-3\">\n\t\tVENDY STORE\n\t<\/p>\n\t<p class=\"h5\">Our Fashion store delivers a stylish and current collection of men and women’s apparel, sourced from modern international brands.<\/p>\n\t<a href=\"\/pages\/about-us\" class=\"link link-primary mt-3\">read more about us<\/a>\n<\/div>","width":"100%"}}},"block_order":["5437e4b1-5467-4feb-a2ef-832ae8b12dc2"],"settings":{"custom_class":"","container_width":"container","reset_indent":false,"inset_section":"0px 0px 0px 0px","offset_section":"0px 0px 0px 0px","bg_section":"#ffffff","use_bg_grad2":false,"title":"","inverted":false}},"162789983429f786d4":{"type":"index-divider","settings":{"section_view":"full-width","type_value":"px","padding_top":1,"padding_bottom":0,"padding_top_vw":2.3,"padding_bottom_vw":2.3,"margin_top":82,"margin_bottom":0,"background_color":"#e1e2e4","tablet_padding_top":1,"tablet_padding_bottom":0,"tablet_margin_top":40,"tablet_margin_bottom":0}},"162789991534a793f2":{"type":"index-divider","settings":{"section_view":"container","type_value":"px","padding_top":79,"padding_bottom":81,"padding_top_vw":0,"padding_bottom_vw":0,"margin_top":0,"margin_bottom":0,"background_color":"","tablet_padding_top":35,"tablet_padding_bottom":35,"tablet_margin_top":0,"tablet_margin_bottom":0}},"1651828517c4a9d1c7":{"type":"index-featured-products","blocks":{"1651828517d92939b9-0":{"type":"collection_tab","settings":{"section_title":"","block_collection_title":"Bracelets","block_collection":"bracelets","product_card_reviews":false,"badge_card_toggle":true,"product_card_options":false,"opt_type":"btn","product_card_vendor":false,"image_ratio":"portrait-thumb","show_secondary_image":true,"image_padding":1,"bg_wrap_img_color":"#f2f3f5","bg_img_color":"#f2f3f5"}},"062a788e-9d72-407c-af3e-a251110ebe22":{"type":"collection_tab","settings":{"section_title":"","block_collection_title":"Rings","block_collection":"ring","product_card_reviews":false,"badge_card_toggle":true,"product_card_options":false,"opt_type":"btn","product_card_vendor":false,"image_ratio":"portrait-thumb","show_secondary_image":true,"image_padding":1,"bg_wrap_img_color":"#f2f3f5","bg_img_color":"#f2f3f5"}},"a258203a-7d52-48c7-b929-38f97d326d12":{"type":"collection_tab","settings":{"section_title":"","block_collection_title":"Earrings","block_collection":"earrings","product_card_reviews":false,"badge_card_toggle":true,"product_card_options":false,"opt_type":"btn","product_card_vendor":false,"image_ratio":"portrait-thumb","show_secondary_image":true,"image_padding":1,"bg_wrap_img_color":"#f2f3f5","bg_img_color":"#f2f3f5"}}},"block_order":["1651828517d92939b9-0","062a788e-9d72-407c-af3e-a251110ebe22","a258203a-7d52-48c7-b929-38f97d326d12"],"settings":{"section_title":"<p><em>On sale<\/em><\/p>","section_subtitle":"","container_width":"container","bg_section":"#ffffff","inset_section":"0px 0px 0px 0px","offset_section":"0px 0px 0px 0px","reset_indent":false,"use_tabs":true,"all_view":false,"products_count":"8","column_item":"33%","carousel_view":true,"products_view":"4","off_carousel_nav":false,"off_carousel_pag":true,"carousel_control_type":"pagination","design_type":"type_1"}},"16278999588811e107":{"type":"index-divider","settings":{"section_view":"container","type_value":"px","padding_top":100,"padding_bottom":0,"padding_top_vw":0,"padding_bottom_vw":0,"margin_top":0,"margin_bottom":0,"background_color":"","tablet_padding_top":29,"tablet_padding_bottom":29,"tablet_margin_top":0,"tablet_margin_bottom":0}},"16518288800f3bcb20":{"type":"index-banners","blocks":{"1651828879a1cdf641-0":{"type":"banner","settings":{"image":"shopify:\/\/shop_images\/img_09_1c711947-473e-4697-918b-050902435dab.png","width":"6","banner_style":"overlay","off_overlay_mobile":false,"use_bgb":false,"bgb_color":"","bgb_color_opacity":0.5,"inset_block":"0 0 0 0","use_bottom_offset_mobile":true,"margin_bottom":30,"use_bgo":false,"bg_color":"","bg_color_opacity":0.5,"inverted":true,"h_cpos":"center","v_cpos":"center","reverse_cpos":"flex-column","textalign_pos":"center","item_title":"<p>Turn Your Dream <em>Into Reality<\/em><\/p>","color_title":"#121212","item_subtitle":"<p>GET SPECIAL PRICE<\/p>","color_subtitle":"#121212","item_text":"","color_text":"#797b7e","custom_heading":"","color_ch":"#797b7e","caption_size":"medium","inset_caption":"6% 7% 6% 7%","item_link":"shopify:\/\/collections\/earrings","link_text":"Shop now","link_type_banner":false,"btn_style":"btn-alternate","btn_size":"btn-md","margin_title":22,"margin_text":15,"margin_btn":30,"custom_class":""}},"1651828879a1cdf641-1":{"type":"banner","settings":{"image":"shopify:\/\/shop_images\/img_08_06ef0a80-0333-4b9f-b0f0-42329b9eb4f7.png","width":"6","banner_style":"standard","off_overlay_mobile":false,"use_bgb":false,"bgb_color":"","bgb_color_opacity":0.5,"inset_block":"0 8% 0 12%","use_bottom_offset_mobile":true,"margin_bottom":30,"use_bgo":false,"bg_color":"","bg_color_opacity":0.5,"inverted":false,"h_cpos":"center","v_cpos":"start","reverse_cpos":"flex-column-reverse","textalign_pos":"center","item_title":"<p><em>New in this week<\/em><\/p>","color_title":"#121212","item_subtitle":"<p>50% off everything<\/p>","color_subtitle":"#121212","item_text":"","color_text":"#797b7e","custom_heading":"","color_ch":"#797b7e","caption_size":"small","inset_caption":"6% 7% 6% 7%","item_link":"","link_text":"Shop now","link_type_banner":false,"btn_style":"btn-primary","btn_size":"btn-md","margin_title":18,"margin_text":15,"margin_btn":35,"custom_class":""}}},"block_order":["1651828879a1cdf641-0","1651828879a1cdf641-1"],"settings":{"section_title":"","desc":"","container_width":"container","reset_indent":false,"bg_section":"#ffffff","inset_section":"0px 0px 0px 0px","offset_section":"0px 0px 0px 0px"}},"162789999412c565b2":{"type":"index-divider","settings":{"section_view":"container","type_value":"px","padding_top":80,"padding_bottom":80,"padding_top_vw":0,"padding_bottom_vw":0,"margin_top":0,"margin_bottom":0,"background_color":"","tablet_padding_top":40,"tablet_padding_bottom":40,"tablet_margin_top":0,"tablet_margin_bottom":0}},"165183233820ccbd10":{"type":"index-featured-products","blocks":{"16518323384a69d671-0":{"type":"collection_tab","settings":{"section_title":"","block_collection_title":"","block_collection":"earrings","product_card_reviews":false,"badge_card_toggle":true,"product_card_options":false,"opt_type":"btn","product_card_vendor":false,"image_ratio":"portrait-thumb","show_secondary_image":true,"image_padding":1,"bg_wrap_img_color":"#f2f3f5","bg_img_color":"#f2f3f5"}}},"block_order":["16518323384a69d671-0"],"settings":{"section_title":"<p><em>Best sellers<\/em><\/p>","section_subtitle":"Top sale in this week","container_width":"container","bg_section":"#ffffff","inset_section":"0px 0px 0px 0px","offset_section":"0px 0px 0px 0px","reset_indent":false,"use_tabs":false,"all_view":false,"products_count":"8","column_item":"33%","carousel_view":true,"products_view":"4","off_carousel_nav":false,"off_carousel_pag":true,"carousel_control_type":"pagination","design_type":"type_1"}},"1627900045d25f9b47":{"type":"index-divider","settings":{"section_view":"container","type_value":"px","padding_top":54,"padding_bottom":56,"padding_top_vw":0,"padding_bottom_vw":0,"margin_top":0,"margin_bottom":0,"background_color":"","tablet_padding_top":30,"tablet_padding_bottom":30,"tablet_margin_top":0,"tablet_margin_bottom":0}},"16518323428a5df944":{"type":"index-image-with-text-column","blocks":{"1651832341033b5c6e-0":{"type":"heading_h6","settings":{"heading_h6":"<p><strong>Must-Have Rings<\/strong><\/p>","color":"#121212","inset_block":"0 0 0 0","offset_block":"5% 0 0 0","use_bgi":false,"caption_bg_color":"","caption_bg_color_opacity":0.5}},"1651832341033b5c6e-1":{"type":"heading_h3","settings":{"heading_h3":"<p>New casual <em>items<\/em><\/p>","color":"#121212","indent_block":"0","inset_block":"0 0 0 0","offset_block":"5% 0 0 0","use_bgi":false,"caption_bg_color":"","caption_bg_color_opacity":0.5}},"1651832341033b5c6e-2":{"type":"text","settings":{"text":"<p>Get an extra 30% OFF!<\/p><p><\/p>","text_size":"large","color":"#797b7e","inset_block":"0 0 0 0","offset_block":"5% 0 0 0","use_bgi":false,"caption_bg_color":"","caption_bg_color_opacity":0.5}},"1651832341033b5c6e-3":{"type":"button","settings":{"button_label":"Shop now","button_link":"shopify:\/\/collections\/bracelets","use_button":true,"btn_style":"btn-primary","btn_size":"btn-md","offset_block":"2.4rem 0 0 0"}}},"block_order":["1651832341033b5c6e-0","1651832341033b5c6e-1","1651832341033b5c6e-2","1651832341033b5c6e-3"],"settings":{"container_width":"container","reset_indent":false,"column_dir":"row","inset_section":"0px 0px 0px 0px","offset_section":"0px 0px 0px 0px","bg_section":"#ffffff","image":"shopify:\/\/shop_images\/img_02.png","image_column":"7","use_bgimg":false,"image_bg_color":"","image_bg_color_opacity":0.5,"inset_image":"0px 0px 0px 0px","caption_column":"5","caption_align_v":"center","text_align":"left","inverted":false,"use_caption_bg":false,"caption_bg_color":"","caption_bg_color_opacity":0.5,"inset_caption":"6% 7% 6% 9%"}},"16279000732d0d0a44":{"type":"index-divider","settings":{"section_view":"container","type_value":"px","padding_top":40,"padding_bottom":40,"padding_top_vw":0,"padding_bottom_vw":0,"margin_top":0,"margin_bottom":0,"background_color":"","tablet_padding_top":20,"tablet_padding_bottom":20,"tablet_margin_top":0,"tablet_margin_bottom":0}},"165183291759be2f38":{"type":"index-cms-block","blocks":{"165183291741613918-0":{"type":"item","settings":{"width":"4","bg_block":"#ffffff","inset_block":"0px 0px 0px 0px","inset_text":"20px 20px 20px 20px","item_pos":"top","content_pos":"center","content_align":"center","title":"<p>FREE SHIPPING<\/p>","text":"<p>On all orders over $50.00<\/p>","link_text":"","link":"","use_lb":false,"use_image":false,"wid":"","icon_type":"icon_airplane","code":"","icon_width":60,"icon_height":60}},"165183291741613918-1":{"type":"item","settings":{"width":"4","bg_block":"#ffffff","inset_block":"0px 0px 0px 0px","inset_text":"20px 20px 20px 20px","item_pos":"top","content_pos":"center","content_align":"center","title":"<p>100% PAYMENT SECURE<\/p>","text":"<p>We ensure secure payment with PEV<\/p>","link_text":"","link":"","use_lb":false,"use_image":false,"wid":"","icon_type":"icon_creditcard","code":"","icon_width":60,"icon_height":60}},"165183291741613918-2":{"type":"item","settings":{"width":"4","bg_block":"#ffffff","inset_block":"0px 0px 0px 0px","inset_text":"20px 20px 20px 20px","item_pos":"top","content_pos":"center","content_align":"center","title":"<p>30 DAYS GUARANTEE<\/p>","text":"<p>30-days free return policy<\/p>","link_text":"","link":"","use_lb":false,"use_image":false,"wid":"","icon_type":"icon_clockwise","code":"","icon_width":60,"icon_height":60}}},"block_order":["165183291741613918-0","165183291741613918-1","165183291741613918-2"],"settings":{"section_title":"","desc":"","container_width":"container","reset_indent":false,"bg_section":"#ffffff","inset_section":"0px 0px 0px 0px","offset_section":"0px 0px 0px 0px"}},"16279001246ad508f4":{"type":"index-divider","settings":{"section_view":"container","type_value":"px","padding_top":40,"padding_bottom":40,"padding_top_vw":0,"padding_bottom_vw":0,"margin_top":0,"margin_bottom":0,"background_color":"","tablet_padding_top":20,"tablet_padding_bottom":20,"tablet_margin_top":0,"tablet_margin_bottom":0}}},"order":["165182610209343029","1627899736175f45d2","16518261081ee47d7a","162789983429f786d4","162789991534a793f2","1651828517c4a9d1c7","16278999588811e107","16518288800f3bcb20","162789999412c565b2","165183233820ccbd10","1627900045d25f9b47","16518323428a5df944","16279000732d0d0a44","165183291759be2f38","16279001246ad508f4"]}