{"sections":{"main":{"type":"template-collections-listing","blocks":{"8430a4a5-f9fd-468b-825b-ff364a34e0b6":{"type":"image","settings":{"image":"shopify:\/\/shop_images\/img_23.png","collection":"accessories","custom_collection_class":""}},"bbe690c3-a736-472a-8a71-ac339c731c95":{"type":"image","settings":{"image":"shopify:\/\/shop_images\/img_18.png","collection":"bracelets","custom_collection_class":""}},"47e3a400-1f52-4183-b403-9f5d4cec3ef3":{"type":"image","settings":{"image":"shopify:\/\/shop_images\/img_19_fbaf7ee7-21af-496d-8ebd-5030bfdbcd00.png","collection":"earrings","custom_collection_class":""}},"e1f25574-d8a0-464e-a10b-7f044f13cc5f":{"type":"image","settings":{"image":"shopify:\/\/shop_images\/img_20.png","collection":"sale","custom_collection_class":""}},"b50f0c45-1c56-4f7c-81b0-d7df0feb7a75":{"type":"image","settings":{"image":"shopify:\/\/shop_images\/img_21.png","collection":"new-in","custom_collection_class":""}},"384332bb-21c9-476c-8944-eead65546159":{"type":"image","settings":{"image":"shopify:\/\/shop_images\/img_22.png","collection":"ring","custom_collection_class":""}},"e5b74461-5a4c-4775-a2b7-b3a10c38cb0b":{"type":"image","settings":{"image":"shopify:\/\/shop_images\/img_32.png","collection":"handbag","custom_collection_class":""}},"a5275e75-c383-42d4-b369-0de4a692deba":{"type":"image","settings":{"image":"shopify:\/\/shop_images\/img_33.png","collection":"watches","custom_collection_class":""}}},"block_order":["8430a4a5-f9fd-468b-825b-ff364a34e0b6","bbe690c3-a736-472a-8a71-ac339c731c95","47e3a400-1f52-4183-b403-9f5d4cec3ef3","e1f25574-d8a0-464e-a10b-7f044f13cc5f","b50f0c45-1c56-4f7c-81b0-d7df0feb7a75","384332bb-21c9-476c-8944-eead65546159","e5b74461-5a4c-4775-a2b7-b3a10c38cb0b","a5275e75-c383-42d4-b369-0de4a692deba"],"settings":{"page_description":"","size":"4","style":"type_1","caption_bg_color":"#bec0c4","image_ratio":"portrait","caption_bg_color_opacity":0,"inverted":false,"img_alignment":"center"}}},"order":["main"]}