{"sections":{"main":{"type":"main-page","disabled":true,"settings":{}},"162992700710bf7db2":{"type":"index-divider","disabled":true,"settings":{"section_view":"container","type_value":"vw","padding_top":0,"padding_bottom":0,"padding_top_vw":1,"padding_bottom_vw":1.1,"margin_top":0,"margin_bottom":0,"background_color":"","tablet_padding_top":20,"tablet_padding_bottom":20,"tablet_margin_top":0,"tablet_margin_bottom":0}},"1629924013831e9dc1":{"type":"index-custom-content","blocks":{"1629924013831e9dc1-1":{"type":"text","settings":{"custom_class":"","caption_size":"medium","h_cpos":"center","v_cpos":"center","item_title":"<p>Style is a way to say who you are without having to speak<\/p>","color_title":"#121212","item_subtitle":"","color_subtitle":"#121212","item_text":"","color_text":"#797b7e","url_text":"Shop now","block_link":"","btn_style":"btn-primary","btn_size":"btn-md","width":"50%","align_text":"left"}},"db8ef972-ec91-4d85-afe6-314871438478":{"type":"text","settings":{"custom_class":"mt-1","caption_size":"medium","h_cpos":"start","v_cpos":"start","item_title":"","color_title":"#121212","item_subtitle":"<p>Fashion has always been so temporary and uncertain.<\/p>","color_subtitle":"#121212","item_text":"<p>You can’t keep up with it.  This social phenomenon is very whimsical, thus we as the consumers always try to stay in touch with all the latest fashion tendencies. Obviously, there is nothing wrong about it because fashion satisfies our willingness to be attractive. And also fashion is the detector of prosperity and social rank.<\/p>","color_text":"#797b7e","url_text":"Shop now","block_link":"","btn_style":"btn-primary","btn_size":"btn-md","width":"50%","align_text":"left"}}},"block_order":["1629924013831e9dc1-1","db8ef972-ec91-4d85-afe6-314871438478"],"settings":{"custom_class":"","container_width":"container","reset_indent":false,"inset_section":"0px 0px 0px 0px","offset_section":"0px 0px 0px 0px","bg_section":"#ffffff","use_bg_grad2":false,"title":"","inverted":false}},"1629926611e2d8607a":{"type":"index-divider","settings":{"section_view":"container","type_value":"vw","padding_top":0,"padding_bottom":0,"padding_top_vw":1.5,"padding_bottom_vw":1.6,"margin_top":0,"margin_bottom":0,"background_color":"","tablet_padding_top":20,"tablet_padding_bottom":20,"tablet_margin_top":0,"tablet_margin_bottom":0}},"162992700206cb52d6":{"type":"index-custom-content","blocks":{"162992700206cb52d6-0":{"type":"image","settings":{"image":"shopify:\/\/shop_images\/img_24.png","width":"100%"}}},"block_order":["162992700206cb52d6-0"],"settings":{"custom_class":"","container_width":"container","reset_indent":false,"inset_section":"0px 0px 0px 0px","offset_section":"0px 0px 0px 0px","bg_section":"#ffffff","use_bg_grad2":false,"title":"","inverted":false}},"16299270729a14828b":{"type":"index-divider","settings":{"section_view":"container","type_value":"vw","padding_top":0,"padding_bottom":0,"padding_top_vw":3.9,"padding_bottom_vw":3.9,"margin_top":0,"margin_bottom":0,"background_color":"","tablet_padding_top":28,"tablet_padding_bottom":27,"tablet_margin_top":0,"tablet_margin_bottom":0}},"1635028743c19ae216":{"type":"index-counter","blocks":{"1635028743c19ae216-0":{"type":"item","settings":{"width":"3","bg_block":"#ffffff","inset_block":"0px 0px 0px 0px","text_pos":"start","text_align":"left","title":"Team members","color_title":"#797b7e","number":"24+","color_number":"#121212"}},"1635028743c19ae216-1":{"type":"item","settings":{"width":"3","bg_block":"#ffffff","inset_block":"0px 0px 0px 0px","text_pos":"start","text_align":"left","title":"Year founded","color_title":"#797b7e","number":"2010","color_number":"#121212"}},"1635028743c19ae216-2":{"type":"item","settings":{"width":"3","bg_block":"#ffffff","inset_block":"0px 0px 0px 0px","text_pos":"start","text_align":"left","title":"Customers","color_title":"#797b7e","number":"15k","color_number":"#121212"}},"b1e71b96-89f6-4804-8601-67efa6009abb":{"type":"item","settings":{"width":"3","bg_block":"#ffffff","inset_block":"0px 0px 0px 0px","text_pos":"start","text_align":"left","title":"In total funding","color_title":"#797b7e","number":"$10m","color_number":"#121212"}}},"block_order":["1635028743c19ae216-0","1635028743c19ae216-1","1635028743c19ae216-2","b1e71b96-89f6-4804-8601-67efa6009abb"],"settings":{"section_title":"<p>Some facts About Us<\/p>","desc":"Unlike product and catalog pages, which typically","container_width":"container","reset_indent":false,"bg_section":"#ffffff","inset_section":"0px 0px 0px 0px","offset_section":"0px 0px 0px 0px"}},"1629927922cc1644a8":{"type":"index-divider","settings":{"section_view":"container","type_value":"vw","padding_top":0,"padding_bottom":0,"padding_top_vw":3.9,"padding_bottom_vw":3.9,"margin_top":0,"margin_bottom":0,"background_color":"","tablet_padding_top":20,"tablet_padding_bottom":20,"tablet_margin_top":0,"tablet_margin_bottom":0}},"162992810892a13070":{"type":"index-image-with-text-column","blocks":{"63de0dfd-3a24-42dc-b1f5-e21020f68fee":{"type":"heading_h2","settings":{"heading_h2":"<p>Our Story<\/p>","color":"#121212","indent_block":"0","inset_block":"0 0 0 0","offset_block":"5% 0 0 0","use_bgi":false,"caption_bg_color":"","caption_bg_color_opacity":0.5}},"ab71fe97-8320-4856-bbff-79c66fccd683":{"type":"subtitle","settings":{"subtitle":"<p>For years we have been studying the fashion trends and today we can say with certainty – we know everything about fashion.<\/p>","color":"#121212","inset_block":"0 15% 0 0","offset_block":"3% 0 0 0","use_bgc":false,"bgc_color":"","bgc_color_opacity":0.5}},"162992810892a13070-2":{"type":"text","settings":{"text":"<p>Vendy Store is an online fashion clothing store offering affordable clothing to women and men since 2010, fashion style for less to impress - it's online clothing shopping not to be missed.<\/p>","text_size":"medium","color":"#797b7e","inset_block":"0 15% 0 0","offset_block":"3% 0 0 0","use_bgi":false,"caption_bg_color":"","caption_bg_color_opacity":0.5}},"19e0f851-f33e-406d-b4b0-d689ac971855":{"type":"text","settings":{"text":"<p>So, with the great pleasure, we are offering you our goods, and we are sure that only our choices of garments will suit you best. Our product is universal because it suits different customers with different demands. We assure you it is really important, it shows that our good has such capacity as flexibility.<\/p>","text_size":"medium","color":"#797b7e","inset_block":"0 15% 0 0","offset_block":"5% 0 0 0","use_bgi":false,"caption_bg_color":"","caption_bg_color_opacity":0.5}}},"block_order":["63de0dfd-3a24-42dc-b1f5-e21020f68fee","ab71fe97-8320-4856-bbff-79c66fccd683","162992810892a13070-2","19e0f851-f33e-406d-b4b0-d689ac971855"],"settings":{"container_width":"container","reset_indent":false,"column_dir":"row-reverse","inset_section":"12% 0px 5% 0px","offset_section":"0px 0px 0px 0px","bg_section":"#faf7f2","image":"shopify:\/\/shop_images\/img_03_b9ad117f-d4a1-4a13-ac72-ebe383bcfcd0.png","image_column":"5","use_bgimg":false,"image_bg_color":"","image_bg_color_opacity":0.5,"inset_image":"0px 0px 0px 0px","caption_column":"7","caption_align_v":"center","text_align":"left","inverted":false,"use_caption_bg":false,"caption_bg_color":"","caption_bg_color_opacity":0.5,"inset_caption":"6% 7% 6% 7%"}},"16299286684427f4b1":{"type":"index-divider","settings":{"section_view":"container","type_value":"vw","padding_top":0,"padding_bottom":0,"padding_top_vw":3.9,"padding_bottom_vw":3.9,"margin_top":0,"margin_bottom":0,"background_color":"","tablet_padding_top":29,"tablet_padding_bottom":32,"tablet_margin_top":0,"tablet_margin_bottom":0}},"16299286624bb8b62c":{"type":"index-testimonials","blocks":{"16299286624bb8b62c-0":{"type":"quote","settings":{"item_width":"col-lg-4","inset_block":"0px 0px 0px 0px","offset_block":"50px 0px 0px 0px","bg_block":"#ffffff","star":"5","quote":"“Amet minim mollit non deserunt ullamco est sit aliqua dolor do amet sint. Velit officia consequat duis enim velit mollit. Exercitation veniam consequat.”","author_img":"shopify:\/\/shop_images\/author-1.jpg","author":"Eleanor Pena","author_info":"Founder GLOY","inverted":false}},"16299286624bb8b62c-1":{"type":"quote","settings":{"item_width":"col-lg-4","inset_block":"0px 0px 0px 0px","offset_block":"50px 0px 0px 0px","bg_block":"#ffffff","star":"5","quote":"“Amet minim mollit non deserunt ullamco est sit aliqua dolor do amet sint. Velit officia consequat duis enim velit mollit.”","author_img":"shopify:\/\/shop_images\/author-2.jpg","author":"Esther Howard","author_info":"SEO FashionGuide","inverted":false}},"16299286624bb8b62c-2":{"type":"quote","settings":{"item_width":"col-lg-4","inset_block":"0px 0px 0px 0px","offset_block":"50px 0px 0px 0px","bg_block":"#ffffff","star":"4","quote":"“Amet minim mollit non deserunt ullamco est sit aliqua dolor do amet sint. Velit officia consequat duis enim velit mollit. Exercitation veniam consequat.”","author_img":"shopify:\/\/shop_images\/author-3_5d1f8ffe-079c-4231-8953-f638be17c590.jpg","author":"Arlene McCoy","author_info":"Manager","inverted":false}}},"block_order":["16299286624bb8b62c-0","16299286624bb8b62c-1","16299286624bb8b62c-2"],"settings":{"container_width":"container","inset_section":"0px 0px 0px 0px","offset_section":"0px 0px 0px 0px","bg_section":"#ffffff","use_bg_grad2":false,"title":"Trusted by 15k users","style":"type_2","quote_size":"medium","quote_color":"#121212","caption_text":"Create exactly what you need with our powerful bootstrap toolkit.","text_align":"left","offset_quote_img":"0px 0px 25px 0px","off_carousel_nav":false,"off_carousel_pag":false,"pag_align":"center"}},"16299292313285336f":{"type":"index-divider","settings":{"section_view":"container","type_value":"vw","padding_top":0,"padding_bottom":0,"padding_top_vw":3.5,"padding_bottom_vw":3.5,"margin_top":0,"margin_bottom":0,"background_color":"","tablet_padding_top":31,"tablet_padding_bottom":30,"tablet_margin_top":0,"tablet_margin_bottom":0}},"16299294697c9ff18a":{"type":"maestrooo-instagram","settings":{"title":"<p>@ Follow us on <em>Instagram<\/em><\/p>","subheading":"","button_text":"","button_link":"","layout":"grid","image_size":"small","full_width":true,"add_spacing":false,"rows_count":1,"show_author":false,"show_caption":true,"show_date":true,"click_action":"open_instagram","heading_color":"#121212","subheading_color":"#121212","button_background":"#121212","button_color":"#ffffff","overlay_color":"#121212","overlay_text_color":"#ffffff","overlay_opacity":65}}},"order":["main","162992700710bf7db2","1629924013831e9dc1","1629926611e2d8607a","162992700206cb52d6","16299270729a14828b","1635028743c19ae216","1629927922cc1644a8","162992810892a13070","16299286684427f4b1","16299286624bb8b62c","16299292313285336f","16299294697c9ff18a"]}