{"sections":{"template-collection":{"type":"main-collection","settings":{"sidebar_collection_toggle":false,"sidebar_collection_position":"sidebar_left","enable_filter_column":false,"enable_filtering":true,"enable_sorting":true,"enable_viewing":true,"collapse_on_larger_devices":true,"side_collapse_filter":"left","type_price_range":"default","use_button_filter":false,"round_color_pick":true,"items_per_page":"12","use_info":true,"container_width":"full_width","bg_section":"#f2f3f5","inset_section":"5%","offset_section":"0px 0px 3.3% 0px","info_style":"style_1","img_column":"10","descr_column":"10","descr_align_column":"align-left","collection_desc_toggle":true,"collection_tags_toggle":true,"collection_image_toggle":false,"tags_option":"tag_test","products_collection":"womens","type_image_col":"def_size_image","caption_inverted":false,"custom_collection_class":"","collection_img_alignment":"top"}}},"order":["template-collection"]}