{"sections":{"162789992544addad0":{"type":"index-image-with-text-overlay","blocks":{"7699f3cc-62bd-41b1-8ff6-8a5130bda95b":{"type":"heading_h2","settings":{"heading_h2":"GET READY FOR A RETURN <br> OF COZY KNITWEAR","heading_size":64,"font_weight":400,"color":"#232122","indent_block":"0","inset_block":"0 0 0 0","offset_block":"5% 0 0 0","use_bgi":false,"bgc_color":"","bgc_color_opacity":0.5,"title_animation":"none"}},"162789992544addad0-2":{"type":"text","settings":{"text":"Layer up in a way that reflects your style with our cozy hoodies, sweaters and cardigans for women.","heading_size":16,"font_weight":400,"color":"#232122","inset_block":"0 0 0 0","offset_block":"2rem  0 0 0","use_bgc":false,"bgc_color":"","bgc_color_opacity":0.5}},"162789992544addad0-3":{"type":"button","settings":{"button_label":"Explore Collections","button_link":"shopify:\/\/collections","use_button":true,"btn_style":"btn-primary","btn_size":"btn-sm","offset_block":"6% 0 0 0"}}},"block_order":["7699f3cc-62bd-41b1-8ff6-8a5130bda95b","162789992544addad0-2","162789992544addad0-3"],"settings":{"container_width":"full-width","inset_section":"0px 0px 0px 0px","offset_section":"0px 0px 0px 0px","bg_section":"#ffffff","padding_desktop":450,"padding_mobile":175,"image":"shopify:\/\/shop_images\/Rectangle_168.jpg","bg_pos_mobile":62,"use_bgo":false,"bg_color":"","bg_color_opacity":0.5,"parallax":false,"padding_parallax_desktop":500,"bg_animation":"none","caption_align":"left","text_align":"left","vertical_alignment":"center","inverted":false,"use_bgc":false,"caption_bg_color":"","caption_bg_color_opacity":0.5,"inset_caption":"0 3% 0 1.5%","offset_caption":"0 0 0 0","caption_animation":"none"}},"162789983429f786d4":{"type":"index-divider","settings":{"section_view":"container","type_value":"px","padding_top":20,"padding_bottom":0,"padding_top_vw":2.3,"padding_bottom_vw":2.3,"margin_top":0,"margin_bottom":0,"background_color":"","tablet_padding_top":20,"tablet_padding_bottom":0,"tablet_margin_top":0,"tablet_margin_bottom":0}},"fe1948fe-d90f-4356-bdb9-8e60b3de0a3c":{"type":"index-banners","blocks":{"template--15626095755321__fe1948fe-d90f-4356-bdb9-8e60b3de0a3c-1665651134159503e6-0":{"type":"banner","settings":{"image":"shopify:\/\/shop_images\/ban-1.jpg","width":"3","banner_style":"overlay","off_overlay_mobile":false,"use_bgb":false,"bgb_color":"","bgb_color_opacity":0.5,"inset_block":"0 0 0 0","use_bottom_offset_mobile":true,"margin_bottom":30,"use_bgo":false,"bg_color":"","bg_color_opacity":0.5,"inverted":false,"h_cpos":"start","v_cpos":"end","reverse_cpos":"flex-column","textalign_pos":"left","item_title":"","color_title":"#121212","item_subtitle":"","color_subtitle":"#121212","item_text":"","color_text":"#797b7e","custom_heading":"","color_ch":"#797b7e","code":"","caption_size":"medium","inset_caption":"15px 0 0 0","item_link":"#","link_text":"New Arrivals","link_type_banner":true,"btn_style":"btn-primary","btn_size":"btn-md","margin_title":22,"margin_text":15,"margin_btn":35,"custom_class":""}},"template--15626095755321__fe1948fe-d90f-4356-bdb9-8e60b3de0a3c-1665651134159503e6-1":{"type":"banner","settings":{"image":"shopify:\/\/shop_images\/ban-2.jpg","width":"3","banner_style":"overlay","off_overlay_mobile":false,"use_bgb":false,"bgb_color":"","bgb_color_opacity":0.5,"inset_block":"0 0 0 0","use_bottom_offset_mobile":true,"margin_bottom":30,"use_bgo":false,"bg_color":"","bg_color_opacity":0.5,"inverted":false,"h_cpos":"start","v_cpos":"end","reverse_cpos":"flex-column","textalign_pos":"left","item_title":"","color_title":"#121212","item_subtitle":"","color_subtitle":"#121212","item_text":"","color_text":"#797b7e","custom_heading":"","color_ch":"#797b7e","code":"","caption_size":"medium","inset_caption":"15px 0 0 0","item_link":"#","link_text":"Trending Now","link_type_banner":true,"btn_style":"btn-primary","btn_size":"btn-md","margin_title":22,"margin_text":15,"margin_btn":35,"custom_class":""}},"9990c88f-d6f3-45b4-8e97-9d02c02b5711":{"type":"banner","settings":{"image":"shopify:\/\/shop_images\/ban-3.jpg","width":"3","banner_style":"overlay","off_overlay_mobile":false,"use_bgb":false,"bgb_color":"","bgb_color_opacity":0.5,"inset_block":"0 0 0 0","use_bottom_offset_mobile":true,"margin_bottom":30,"use_bgo":false,"bg_color":"","bg_color_opacity":0.5,"inverted":false,"h_cpos":"start","v_cpos":"end","reverse_cpos":"flex-column","textalign_pos":"left","item_title":"","color_title":"#121212","item_subtitle":"","color_subtitle":"#121212","item_text":"","color_text":"#797b7e","custom_heading":"","color_ch":"#797b7e","code":"","caption_size":"medium","inset_caption":"15px 0 0 0","item_link":"#","link_text":"accessories","link_type_banner":true,"btn_style":"btn-primary","btn_size":"btn-md","margin_title":22,"margin_text":15,"margin_btn":35,"custom_class":""}},"85505a07-d924-4aa1-a41d-f09e9dd67eb2":{"type":"banner","settings":{"image":"shopify:\/\/shop_images\/ban-4.jpg","width":"3","banner_style":"overlay","off_overlay_mobile":false,"use_bgb":false,"bgb_color":"","bgb_color_opacity":0.5,"inset_block":"0 0 0 0","use_bottom_offset_mobile":true,"margin_bottom":30,"use_bgo":false,"bg_color":"","bg_color_opacity":0.5,"inverted":false,"h_cpos":"start","v_cpos":"end","reverse_cpos":"flex-column","textalign_pos":"left","item_title":"","color_title":"#121212","item_subtitle":"","color_subtitle":"#121212","item_text":"","color_text":"#797b7e","custom_heading":"","color_ch":"#797b7e","code":"","caption_size":"medium","inset_caption":"15px 0 0 0","item_link":"#","link_text":"coats","link_type_banner":true,"btn_style":"btn-primary","btn_size":"btn-md","margin_title":22,"margin_text":15,"margin_btn":35,"custom_class":""}}},"block_order":["template--15626095755321__fe1948fe-d90f-4356-bdb9-8e60b3de0a3c-1665651134159503e6-0","template--15626095755321__fe1948fe-d90f-4356-bdb9-8e60b3de0a3c-1665651134159503e6-1","9990c88f-d6f3-45b4-8e97-9d02c02b5711","85505a07-d924-4aa1-a41d-f09e9dd67eb2"],"settings":{"section_title":"","desc":"","container_width":"container","box_maxwidth":1860,"box_spacer":20,"reset_indent":false,"bg_section":"#ffffff","inset_section":"0px 0px 0px 0px","offset_section":"0px 0px 0px 0px"}},"1630054140e5357498":{"type":"index-divider","settings":{"section_view":"container","type_value":"px","padding_top":20,"padding_bottom":0,"padding_top_vw":4.5,"padding_bottom_vw":4.5,"margin_top":0,"margin_bottom":0,"background_color":"","tablet_padding_top":15,"tablet_padding_bottom":15,"tablet_margin_top":0,"tablet_margin_bottom":0}},"2b26754c-9713-4f9f-a5ba-6b116f50f5fe":{"type":"index-banners","blocks":{"template--15626095755321__2b26754c-9713-4f9f-a5ba-6b116f50f5fe-1665655826a93c7129-0":{"type":"banner","settings":{"image":"shopify:\/\/shop_images\/ban-5.jpg","width":"6","banner_style":"overlay","off_overlay_mobile":true,"use_bgb":false,"bgb_color":"","bgb_color_opacity":0.5,"inset_block":"0 0 0 0","use_bottom_offset_mobile":true,"margin_bottom":30,"use_bgo":false,"bg_color":"","bg_color_opacity":0.5,"inverted":false,"h_cpos":"center","v_cpos":"end","reverse_cpos":"flex-column","textalign_pos":"center","item_title":"FALL MUST-HAVES","color_title":"#232122","item_subtitle":"","color_subtitle":"#121212","item_text":"<p>As the leaves begin to change, it's time to warm up our wardrobes. <\/p>","color_text":"#232122","custom_heading":"","color_ch":"#797b7e","code":"","caption_size":"medium","inset_caption":"6% 7% 10% 7%","item_link":"shopify:\/\/collections\/clothing","link_text":"Explore Collections","link_type_banner":false,"btn_style":"btn-primary","btn_size":"btn-sm","margin_title":22,"margin_text":15,"margin_btn":20,"custom_class":""}},"template--15626095755321__2b26754c-9713-4f9f-a5ba-6b116f50f5fe-1665655826a93c7129-1":{"type":"banner","settings":{"image":"shopify:\/\/shop_images\/ban-6.jpg","width":"6","banner_style":"overlay","off_overlay_mobile":true,"use_bgb":false,"bgb_color":"","bgb_color_opacity":0.5,"inset_block":"0 0 0 0","use_bottom_offset_mobile":true,"margin_bottom":30,"use_bgo":false,"bg_color":"","bg_color_opacity":0.5,"inverted":false,"h_cpos":"center","v_cpos":"end","reverse_cpos":"flex-column","textalign_pos":"center","item_title":"A NEW MINIMALISM","color_title":"#121212","item_subtitle":"","color_subtitle":"#232122","item_text":"<p>Explore an effortless style with timeless statements.<\/p>","color_text":"#232122","custom_heading":"","color_ch":"#797b7e","code":"","caption_size":"medium","inset_caption":"6% 7% 10% 7%","item_link":"shopify:\/\/collections\/coats-jackets","link_text":"Explore Collections","link_type_banner":false,"btn_style":"btn-primary","btn_size":"btn-sm","margin_title":22,"margin_text":15,"margin_btn":35,"custom_class":""}}},"block_order":["template--15626095755321__2b26754c-9713-4f9f-a5ba-6b116f50f5fe-1665655826a93c7129-0","template--15626095755321__2b26754c-9713-4f9f-a5ba-6b116f50f5fe-1665655826a93c7129-1"],"settings":{"section_title":"","desc":"","container_width":"container","box_maxwidth":1860,"box_spacer":20,"reset_indent":false,"bg_section":"#ffffff","inset_section":"0px 0px 0px 0px","offset_section":"0px 0px 0px 0px"}},"162789991534a793f2":{"type":"index-divider","settings":{"section_view":"container","type_value":"vw","padding_top":0,"padding_bottom":0,"padding_top_vw":4.5,"padding_bottom_vw":4.5,"margin_top":0,"margin_bottom":0,"background_color":"","tablet_padding_top":29,"tablet_padding_bottom":29,"tablet_margin_top":0,"tablet_margin_bottom":0}},"16299027269cc3c2cd":{"type":"index-featured-products","blocks":{"37e467e5-ea94-456d-9ee1-5577873d8970":{"type":"collection_tab","settings":{"show_view_all":false,"view_all_link_text":"Explore Collections","section_title":"","block_collection_title":"Accessories","block_collection":"accessories","product_card_reviews":false,"product_card_vendor":false,"badge_card_toggle":true,"product_card_variants":false,"variants_type_url":"only_color","product_card_variants_limit":"5","product_card_options":false,"current_text_product_option":"Color","opt_type":"btn","image_ratio":"portrait-thumb","show_secondary_image":false,"image_padding":0,"bg_wrap_img_color":"","bg_img_color":"#f2f3f5"}},"9224bbed-511a-467c-940c-08edbf8e5d50":{"type":"collection_tab","settings":{"show_view_all":false,"view_all_link_text":"Explore Collections","section_title":"","block_collection_title":"Shoes","block_collection":"shoes","product_card_reviews":false,"product_card_vendor":false,"badge_card_toggle":true,"product_card_variants":false,"variants_type_url":"only_color","product_card_variants_limit":"5","product_card_options":false,"current_text_product_option":"Color","opt_type":"btn","image_ratio":"portrait-thumb","show_secondary_image":false,"image_padding":0,"bg_wrap_img_color":"","bg_img_color":"#f2f3f5"}},"16299027269cc3c2cd-0":{"type":"collection_tab","settings":{"show_view_all":false,"view_all_link_text":"Explore Collections","section_title":"","block_collection_title":"Clothing","block_collection":"clothing","product_card_reviews":false,"product_card_vendor":false,"badge_card_toggle":true,"product_card_variants":false,"variants_type_url":"only_color","product_card_variants_limit":"5","product_card_options":false,"current_text_product_option":"Color","opt_type":"btn","image_ratio":"portrait-thumb","show_secondary_image":false,"image_padding":0,"bg_wrap_img_color":"","bg_img_color":"#f2f3f5"}}},"block_order":["37e467e5-ea94-456d-9ee1-5577873d8970","9224bbed-511a-467c-940c-08edbf8e5d50","16299027269cc3c2cd-0"],"settings":{"section_title":"Best sellers","section_subtitle":"Top sale in this week","textalign_pos":"left","container_width":"container","bg_section":"#ffffff","inverted":false,"inset_section":"0px 0px 0px 0px","offset_section":"0px 0px 0px 0px","reset_indent":false,"use_tabs":true,"pc_grid_style":"grid_style_1","use_border_card":false,"use_border_grid":false,"all_view":false,"products_count":"4","column_item":"25%","use_mobile_scroll":true,"carousel_view":false,"products_view":"4","off_carousel_nav":false,"off_carousel_pag":true,"carousel_control_type":"pagination","design_type":"type_1"}},"16279000732d0d0a44":{"type":"index-divider","settings":{"section_view":"container","type_value":"vw","padding_top":0,"padding_bottom":0,"padding_top_vw":4.5,"padding_bottom_vw":4.5,"margin_top":0,"margin_bottom":0,"background_color":"","tablet_padding_top":30,"tablet_padding_bottom":30,"tablet_margin_top":0,"tablet_margin_bottom":0}},"380efc37-b876-484e-9f1a-308127febf77":{"type":"section-single-product","blocks":{"7048570e-440c-4327-8e5e-d2f0647ffd48":{"type":"timer","settings":{"time":"2023-05-30T00:00:00","color":"#232122","inset_block":"0 0 2.5rem 0","offset_block":"5% 0 0 0","use_bgi":false,"bgc_color":"","bgc_color_opacity":0.5}},"46ce44b3-52e7-45f7-975e-85db786c9221":{"type":"pr_avalreview","settings":{"product_reviews":true,"product_available":true}},"template--15626095755321__380efc37-b876-484e-9f1a-308127febf77-16656746899096b58d-0":{"type":"pr_title","settings":{}},"template--15626095755321__380efc37-b876-484e-9f1a-308127febf77-16656746899096b58d-1":{"type":"pr_price","settings":{}},"template--15626095755321__380efc37-b876-484e-9f1a-308127febf77-16656746899096b58d-2":{"type":"pr_variant_picker","settings":{"swatch_type":"swatch_buttons","sw_c_type":"sw_bc","show_size_chart":true}},"1e62cc51-0820-4983-a321-22838fe3f599":{"type":"pr_quantity_and_btn","settings":{"show_compare_button":true,"show_wishlist_button":true}},"template--15626095755321__380efc37-b876-484e-9f1a-308127febf77-16656746899096b58d-3":{"type":"pr_add_to_cart","settings":{"show_bit_button":false}},"af4f282d-eacc-4f68-8531-9a84de113da0":{"type":"pr_current_viewing","settings":{"autoViewing":true,"autoViewingInterval":5000,"min_viewing":1,"max_viewing":12,"text_viewing":"people are viewing"}},"7c20e926-fd36-4b16-b599-41c9b4853930":{"type":"pr_info","settings":{"show_sku":true,"show_vendor":true,"show_product_types":true,"show_barcode":false,"show_weight":false,"show_tags":false,"show_collections":false}},"33c5d7d0-d340-433e-b6f7-8bfd07971a68":{"type":"pr_share","settings":{}},"790ea6da-9085-4acd-9a8f-3ecbfaeac55e":{"type":"pr_modal_windows","settings":{"url_page":"shopify:\/\/pages\/delivery-info","url_text":"Free standard delivery on <strong>orders over $50<\/strong>","svg_icon":"<svg width=\"18\" height=\"18\" viewbox=\"0 0 18 18\" fill=\"none\" xmlns=\"http:\/\/www.w3.org\/2000\/svg\">\n<path d=\"M6.72375 13.5C6.63459 14.1257 6.32266 14.6983 5.84526 15.1125C5.36786 15.5267 4.75704 15.7547 4.125 15.7547C3.49296 15.7547 2.88214 15.5267 2.40474 15.1125C1.92734 14.6983 1.61541 14.1257 1.52625 13.5H0.75V4.5C0.75 4.30109 0.829018 4.11032 0.96967 3.96967C1.11032 3.82902 1.30109 3.75 1.5 3.75H12C12.1989 3.75 12.3897 3.82902 12.5303 3.96967C12.671 4.11032 12.75 4.30109 12.75 4.5V6H15L17.25 9.042V13.5H15.7238C15.6346 14.1257 15.3227 14.6983 14.8453 15.1125C14.3679 15.5267 13.757 15.7547 13.125 15.7547C12.493 15.7547 11.8821 15.5267 11.4047 15.1125C10.9273 14.6983 10.6154 14.1257 10.5262 13.5H6.72375ZM11.25 5.25H2.25V11.2875C2.54592 10.9854 2.91045 10.7593 3.31256 10.6283C3.71468 10.4974 4.14247 10.4656 4.55953 10.5355C4.9766 10.6055 5.37058 10.7752 5.70796 11.0302C6.04533 11.2852 6.31611 11.6179 6.49725 12H10.7528C10.8787 11.7352 11.0475 11.4945 11.25 11.2875V5.25ZM12.75 9.75H15.75V9.53625L14.244 7.5H12.75V9.75ZM13.125 14.25C13.4235 14.25 13.7097 14.1314 13.9208 13.9204C14.1318 13.7093 14.2504 13.4231 14.2504 13.1246C14.2504 12.8262 14.1318 12.5399 13.9208 12.3289C13.7097 12.1178 13.4235 11.9992 13.125 11.9992C12.8265 11.9992 12.5403 12.1178 12.3292 12.3289C12.1182 12.5399 11.9996 12.8262 11.9996 13.1246C11.9996 13.4231 12.1182 13.7093 12.3292 13.9204C12.5403 14.1314 12.8265 14.25 13.125 14.25ZM5.25 13.125C5.25 12.9773 5.2209 12.831 5.16436 12.6945C5.10783 12.558 5.02496 12.434 4.9205 12.3295C4.81603 12.225 4.69201 12.1422 4.55552 12.0856C4.41903 12.0291 4.27274 12 4.125 12C3.97726 12 3.83097 12.0291 3.69448 12.0856C3.55799 12.1422 3.43397 12.225 3.3295 12.3295C3.22504 12.434 3.14217 12.558 3.08564 12.6945C3.0291 12.831 3 12.9773 3 13.125C3 13.4234 3.11853 13.7095 3.3295 13.9205C3.54048 14.1315 3.82663 14.25 4.125 14.25C4.42337 14.25 4.70952 14.1315 4.9205 13.9205C5.13147 13.7095 5.25 13.4234 5.25 13.125Z\" fill=\"#121212\"><\/path>\n<\/svg>","design_popup_link_type":"full_btn"}},"35374a6e-9af0-480e-af12-d050573513df":{"type":"product_tab","settings":{"title":"Tab title","content":"","tab_liquid":"","page":""}}},"block_order":["7048570e-440c-4327-8e5e-d2f0647ffd48","46ce44b3-52e7-45f7-975e-85db786c9221","template--15626095755321__380efc37-b876-484e-9f1a-308127febf77-16656746899096b58d-0","template--15626095755321__380efc37-b876-484e-9f1a-308127febf77-16656746899096b58d-1","template--15626095755321__380efc37-b876-484e-9f1a-308127febf77-16656746899096b58d-2","1e62cc51-0820-4983-a321-22838fe3f599","template--15626095755321__380efc37-b876-484e-9f1a-308127febf77-16656746899096b58d-3","af4f282d-eacc-4f68-8531-9a84de113da0","7c20e926-fd36-4b16-b599-41c9b4853930","33c5d7d0-d340-433e-b6f7-8bfd07971a68","790ea6da-9085-4acd-9a8f-3ecbfaeac55e","35374a6e-9af0-480e-af12-d050573513df"],"settings":{"section_title":"Best day deal","section_subtitle":"","textalign_pos":"left","container_width":"container","bg_section":"#ffffff","inset_section":"0px 0px 0px 0px","offset_section":"0px 0px 0px 0px","single_product":"stone-pique-collared-zip-front-polo-top","inverted":false,"product_view_type":"carousel-horizontal","pr_image_ratio":"adapt","product_image_alignment":"top","bg_prodthumb":"#f2f3f5","use_border_thumbs":true,"use_pg_sticky":true,"product_description_type":"dropdown-content","pr_description_as":"off_descr_content","hide_all_tabs":true,"pg_itemview":5,"pg_spacebi":10,"pg_pag":true,"pg_nav":true,"pg_fraction":true,"pg_thumbshide":false,"pg_itemviewV":5,"pg_spacebiV":10,"pg_pagV":true,"pg_navV":true,"pg_fractionV":true,"pg_zoom":true,"pg_zoom_levelscale":1.5,"pg_modalgallery":true,"pg_modal_mainthumb":"square","pg_modalthumb_w":68,"pg_modalthumb_h":85}},"4673019e-abb5-44ec-be94-d8f4b51e8894":{"type":"index-divider","settings":{"section_view":"container","type_value":"vw","padding_top":80,"padding_bottom":80,"padding_top_vw":3.1,"padding_bottom_vw":3.1,"margin_top":0,"margin_bottom":0,"background_color":"","tablet_padding_top":20,"tablet_padding_bottom":20,"tablet_margin_top":0,"tablet_margin_bottom":0}},"8b97246d-a124-463d-a7f8-c69fed84c100":{"type":"index-lookbook","blocks":{"template--15626095755321__8b97246d-a124-463d-a7f8-c69fed84c100-166599659496468aea-0":{"type":"image","settings":{"image_column":"3","offset_block_top":"0","image":"shopify:\/\/shop_images\/lookbook-1.jpg","item_product_1":"black-leather-look-stud-chain-shoulder-bag","item_x_1":35,"item_y_1":46,"item_product_2":"","item_x_2":50,"item_y_2":50,"item_product_3":"","item_x_3":50,"item_y_3":50,"item_product_4":"","item_x_4":50,"item_y_4":50}},"template--15626095755321__8b97246d-a124-463d-a7f8-c69fed84c100-166599659496468aea-1":{"type":"image","settings":{"image_column":"3","offset_block_top":"0","image":"shopify:\/\/shop_images\/lookbook-2_527d13b5-d985-49e3-8664-d5b4f0a1820e.jpg","item_product_1":"rust-high-neck-frill-smock-dress","item_x_1":50,"item_y_1":50,"item_product_2":"","item_x_2":50,"item_y_2":50,"item_product_3":"","item_x_3":50,"item_y_3":50,"item_product_4":"","item_x_4":50,"item_y_4":50}},"34f5c4a9-a097-4123-b2f8-444d26e72327":{"type":"image","settings":{"image_column":"3","offset_block_top":"0","image":"shopify:\/\/shop_images\/lookbook-3_b5fe3df8-e9f9-464c-9df3-12eb7482b655.jpg","item_product_1":"stone-pique-collared-zip-front-polo-top","item_x_1":67,"item_y_1":67,"item_product_2":"","item_x_2":50,"item_y_2":50,"item_product_3":"","item_x_3":50,"item_y_3":50,"item_product_4":"","item_x_4":50,"item_y_4":50}},"934eb811-ca9b-4787-818c-decc68916782":{"type":"image","settings":{"image_column":"3","offset_block_top":"0","image":"shopify:\/\/shop_images\/lookbook-4_007a3f02-bc89-4d9b-a252-e59ca5e5ee02.jpg","item_product_1":"pale-grey-tote-bag","item_x_1":34,"item_y_1":50,"item_product_2":"","item_x_2":50,"item_y_2":50,"item_product_3":"","item_x_3":50,"item_y_3":50,"item_product_4":"","item_x_4":50,"item_y_4":50}}},"block_order":["template--15626095755321__8b97246d-a124-463d-a7f8-c69fed84c100-166599659496468aea-0","template--15626095755321__8b97246d-a124-463d-a7f8-c69fed84c100-166599659496468aea-1","34f5c4a9-a097-4123-b2f8-444d26e72327","934eb811-ca9b-4787-818c-decc68916782"],"settings":{"container_width":"container-fluid","box_maxwidth":1260,"box_spacer":20,"reset_indent":false,"section_title":"Instagram shop","text_title":"","inset_section":"0px 0px 0px 0px","offset_section":"0px 0px 0px 0px","bg_section":"#ffffff","carousel_view":false,"items_view":"2","show_product_list":false,"off_carousel_nav":false,"out_nav":false,"off_carousel_pag":false,"product_style":"style_1"}},"7f193345-2b92-4e95-be70-71229710c6bc":{"type":"index-divider","settings":{"section_view":"container","type_value":"vw","padding_top":80,"padding_bottom":80,"padding_top_vw":3.1,"padding_bottom_vw":3.1,"margin_top":0,"margin_bottom":0,"background_color":"","tablet_padding_top":20,"tablet_padding_bottom":20,"tablet_margin_top":0,"tablet_margin_bottom":0}}},"order":["162789992544addad0","162789983429f786d4","fe1948fe-d90f-4356-bdb9-8e60b3de0a3c","1630054140e5357498","2b26754c-9713-4f9f-a5ba-6b116f50f5fe","162789991534a793f2","16299027269cc3c2cd","16279000732d0d0a44","380efc37-b876-484e-9f1a-308127febf77","4673019e-abb5-44ec-be94-d8f4b51e8894","8b97246d-a124-463d-a7f8-c69fed84c100","7f193345-2b92-4e95-be70-71229710c6bc"]}