{"sections":{"main":{"type":"index-lookbook-carousel","blocks":{"16527111992a8c1a5d-0":{"type":"lookbook","settings":{"reverse_block":false,"offset_block_top":"0","image":"shopify:\/\/shop_images\/banner-img-2.jpg","item_product_1":"blue-overdyed-munich-logo-t-shirt","item_x_1":37,"item_y_1":60,"item_product_2":"blue-ditsy-floral-high-neck-mini-dress","item_x_2":54,"item_y_2":33,"item_product_3":"cashmere-ribbed-jumper","item_x_3":79,"item_y_3":24,"item_product_4":"","item_x_4":50,"item_y_4":50}},"1a032636-53c9-4616-8c50-28432d657eea":{"type":"lookbook","settings":{"reverse_block":true,"offset_block_top":"5rem","image":"shopify:\/\/shop_images\/lookbook-2.jpg","item_product_1":"garland-jersey-dress","item_x_1":41,"item_y_1":17,"item_product_2":"baguette-bag","item_x_2":39,"item_y_2":36,"item_product_3":"anissa_kermiche_reine_14_karat_gold_diamond_and_pearl_earring","item_x_3":55,"item_y_3":68,"item_product_4":"","item_x_4":50,"item_y_4":50}},"caf6b884-0569-45ac-ac59-cbe6879d3795":{"type":"lookbook","settings":{"reverse_block":false,"offset_block_top":"5rem","image":"shopify:\/\/shop_images\/lookbook-3.jpg","item_product_1":"copy-of-black-leather-look-stud-chain-shoulder-bag","item_x_1":55,"item_y_1":42,"item_product_2":"rust-high-neck-frill-smock-dress","item_x_2":42,"item_y_2":85,"item_product_3":"imitation-leather-handbag","item_x_3":32,"item_y_3":37,"item_product_4":"","item_x_4":50,"item_y_4":50}}},"block_order":["16527111992a8c1a5d-0","1a032636-53c9-4616-8c50-28432d657eea","caf6b884-0569-45ac-ac59-cbe6879d3795"],"settings":{"container_width":"container","section_title":"","text_title":"","inset_section":"0px 0px 0px 0px","offset_section":"0px 0px 0px 0px","bg_section":"#ffffff"}}},"order":["main"]}