{
    "current": {
        "type_base_font": "libre_franklin_n4",
        "base_font_size": 16,
        "base_font_color": "#797b7e",
        "type_heading_font_h1": "josefin_sans_n4",
        "heading_font_size_h1": 72,
        "type_heading_font": "josefin_sans_n6",
        "heading_font_size_h2": 56,
        "heading_font_size": 44,
        "heading_font_size_h6": 16,
        "heading_font_color": "#121212",
        "heading_font_weight": 600,
        "type_large_font": "josefin_sans_n4",
        "custom_large_font_size": 144,
        "body_background_color": "#ffffff",
        "body_color": "#797b7e",
        "border_color": "#e1e2e4",
        "color_text_field_text": "#121212",
        "color_text_field_border": "#e1e2e4",
        "color_text_field": "#fff",
        "color_primary": "#121212",
        "color_secondary": "#797b7e",
        "links_color": "#797b7e",
        "links_color_hover": "#121212",
        "product_name_color": "#121212",
        "product_name_color_hover": "#797b7e",
        "product_price_color": "#121212",
        "product_regular_price_color": "#797b7e",
        "product_price_sale_color": "#ea3253",
        "color_white": "#ffffff",
        "color_black": "#121212",
        "color_grey_1": "#f2f3f5",
        "color_grey_2": "#bec0c4",
        "color_grey_3": "#797b7e",
        "color_grey_4": "#505152",
        "color_grey_5": "#f1ebdf",
        "color_grey_6": "#e1e2e4",
        "color_success": "#cdf1e8",
        "color_icon_success": "#44bb9e",
        "color_info": "#edefff",
        "color_icon_info": "#121212",
        "color_warning": "#fff5bb",
        "color_icon_warning": "#fdec54",
        "color_danger": "#fef1f0",
        "color_icon_danger": "#ea3253",
        "button_background_color": "#ffffff",
        "button_text_color": "#121212",
        "button_border_color": "#121212",
        "button_hover_background_color": "#121212",
        "button_hover_text_color": "#ffffff",
        "button_hover_border_color": "#121212",
        "primary_button_background_color": "#121212",
        "primary_button_text_color": "#ffffff",
        "primary_button_border_color": "#121212",
        "primary_button_hover_background_color": "#505152",
        "primary_button_hover_text_color": "#ffffff",
        "primary_button_hover_border_color": "#505152",
        "secondary_button_background_color": "#f2f3f5",
        "secondary_button_text_color": "#121212",
        "secondary_button_border_color": "#f2f3f5",
        "secondary_button_hover_background_color": "#121212",
        "secondary_button_hover_text_color": "#ffffff",
        "secondary_button_hover_border_color": "#121212",
        "alternate_button_background_color": "rgba(0,0,0,0)",
        "alternate_button_text_color": "#ffffff",
        "alternate_button_border_color": "#ffffff",
        "alternate_button_hover_background_color": "#ffffff",
        "alternate_button_hover_text_color": "#121212",
        "alternate_button_hover_border_color": "#ffffff",
        "use_lg": false,
        "favicon": "shopify:\/\/shop_images\/fav.png",
        "use_bg_breadcrumbs": true,
        "use_full_bg_breadcrumbs": true,
        "sidebar_toggle": false,
        "sidebar_position": "sidebar_left",
        "wishlist_toggle": true,
        "wishlist_page": "wishlist",
        "maxwidth": 1200,
        "spacer": 30,
        "use_custom_container_only_index": false,
        "header_layout": "1",
        "footer_type": "1",
        "rtl": false,
        "contact_map": false,
        "password_link_view": false,
        "protect": false,
        "newsletter_popup_toggle": true,
        "newsletter_popup_period": "0",
        "np_type": "1",
        "newsletter_popup_discount_percent_1": "15% OFF",
        "newsletter_popup_description_1": "Subscribe to get up to 15% off! <em> Limited time only. <\/em>",
        "newsletter_popup_bg_1": "shopify:\/\/shop_images\/Rectangle_222.jpg",
        "newsletter_popup_header_2": "Join our newsletter and get 20% discount!",
        "newsletter_popup_description_2": "Subscribe to our newsletter and we will ship <em>20% discount code today.<\/em>",
        "newsletter_popup_bg_2": "shopify:\/\/shop_images\/Rectangle_153.jpg",
        "newsletter_popup_description_3": "Stay Updated on all that's new add noteworthy",
        "newsletter_popup_bg_3": "shopify:\/\/shop_images\/Rectangle_153_a3cbf1aa-5fe9-4237-b943-e03389368ab7.jpg",
        "pc_grid_style": "grid_style_1",
        "use_qw_modal": true,
        "product_card_reviews": true,
        "product_card_variants": true,
        "variants_type_url": "only_size_color",
        "image_ratio": "portrait-thumb",
        "show_secondary_image": true,
        "image_padding": 0,
        "bg_wrap_img_color": "rgba(0,0,0,0)",
        "bg_img_color": "#f2f3f5",
        "variants_money_toggle": false,
        "badge_toggle": true,
        "new_products_period": "10000",
        "badge_new_toggle": true,
        "new_badge_color": "#121212",
        "badge_sale_toggle": true,
        "badge_sale_percent_toggle": true,
        "sale_badge_color": "#ea3253",
        "badge_outstock_toggle": true,
        "outstock_badge_color": "#5c6468",
        "custom_badge_1_toggle": false,
        "custom_badge_1": "online",
        "custom_badge_1_text": "Only online",
        "custom_badge_1_color": "#1383df",
        "custom_badge_2_toggle": false,
        "custom_badge_2": "best price",
        "custom_badge_2_text": "Best price",
        "custom_badge_2_color": "#394cb3",
        "sharing_fb": true,
        "sharing_tw": true,
        "sharing_pin": true,
        "amazon_payments": true,
        "apple_pay": false,
        "american_express": true,
        "bitcoin": false,
        "forbrugsforeningen": false,
        "google_pay": true,
        "maestro": false,
        "master": true,
        "shopify_pay": false,
        "sofort": false,
        "paypal": true,
        "visa": true,
        "social_fb": "#",
        "social_pin": "#",
        "social_inst": "#",
        "social_yt": "#",
        "social_linkedin": "#",
        "contacts_address": "<p>Monday to Friday<\/p><p>10am - 6.30pm <\/p><p>(NewYork time)<\/p>",
        "contacts_phone": "+(001) 23 45 67 89",
        "contacts_phone_text": "",
        "contacts_email": "demo@demo.com",
        "contacts_email_text": "Send us an email",
        "custom_heading": "Buy Now",
        "interval": 100000,
        "caption_position": "b_left",
        "checkout_header_image": "shopify:\/\/shop_images\/list-col-img.jpg",
        "checkout_logo_image": "shopify:\/\/shop_images\/Slice_16.png",
        "checkout_logo_position": "center",
        "checkout_logo_size": "large",
        "checkout_body_background_image": "",
        "checkout_body_background_color": "rgba(0,0,0,0)",
        "checkout_input_background_color_mode": "white",
        "checkout_sidebar_background_color": "#f2f3f5",
        "checkout_heading_font": "Source Sans Pro",
        "checkout_body_font": "Lato",
        "checkout_accent_color": "#14d1ac",
        "checkout_button_color": "#14d1ac",
        "checkout_error_color": "#f34235",
        "show_symbol": false,
        "show_iso_code": true,
        "show_name": false,
        "product_reviews": true,
        "show_policy": true,
        "security_page": "",
        "security_text": "",
        "delivery_text": "Free standard delivery on <b> orders over $50<\/b>",
        "show_related_products": true,
        "sw_c_type": "sw_bi",
        "use_custom_all_options": true,
        "custom_style": "body {\nbackground: #ccc;\n}",
        "use_lg_type": "1",
        "use_lg1": true,
        "blog_image_ratio": "adapt",
        "supported_currencies": "USD, $&nbsp;&nbsp;USD | EUR, €&nbsp;&nbsp;EUR | GBP, &pound;&nbsp;&nbsp;GBP",
        "use_multiple_currencies": false,
        "pg_itemview": 4,
        "pg_spacebi": 10,
        "pg_pag": true,
        "pg_nav": true,
        "pg_fraction": true,
        "pg_thumbshide": false,
        "pg_itembigview": 3,
        "pg_spacebbigi": 0,
        "use_filter_color_thumbs": false,
        "pg_tileitemview": 4,
        "pg_spacebtilei": 10,
        "use_pg_sticky": true,
        "pg_modalgallery": true,
        "pg_modal_mainthumb": "rectangle",
        "pg_modalthumb_w": 83,
        "pg_modalthumb_h": 95,
        "pg_zoom": true,
        "pg_zoom_levelscale": 1.4,
        "product_grouped": "fbt1-menu",
        "header_type": "2",
        "color_option": "Color",
        "size_option": "Size",
        "newsletter_form_type": "newsletter_shopify",
        "newsletter_mailchimp_url": "",
        "newsletter_popup_header": "Special Offers April!",
        "newsletter_popup_discount_percent": "30% off",
        "newsletter_popup_description": "for best drones!",
        "newsletter_popup_bg_color": "#f6f7f9",
        "newsletter_popup_bg": "shopify:\/\/shop_images\/newsletter.png",
        "type_base2_font": "Verdana",
        "color_grey_7": "#dde0e9",
        "color_grey_8": "#eeeff4",
        "color_secondary_1": "#a4bbf9",
        "newsletter_popup_discount_content": "Discount",
        "color_primary_dark": "#1e306e",
        "color_secondary_light": "#fffabd",
        "color_white_1": "#f6f7fc",
        "newsletter_popup_sub_title": "<p>20%<br>Discount<\/p>",
        "inverted": "false",
        "custom_badge_2_text_color": "#222222",
        "new_badge_text_color": "#fff",
        "sale_badge_text_color": "#fff",
        "outstock_badge_text_color": "#fff",
        "custom_badge_1_text_color": "#1383df",
        "product_name_color_secondary": "#222222",
        "product_name_color_secondary_hover": "#f14e08",
        "badge_ourstock_toggle": true,
        "ourstock_badge_color": "#222222",
        "type-base-font": "lato_n4",
        "base-font-size": "14px",
        "base-font-color": "#000000",
        "type-heading-font": "lato_n4",
        "heading-font-size": "30px",
        "heading-font-color": "#000000",
        "links-color": "#333333",
        "links-color-hover": "#f14e08",
        "product-name-color": "#000000",
        "product-name-color-hover": "#777777",
        "product-name-color-secondary": "#888888",
        "product-name-color-secondary-hover": "#f14e08",
        "product-price-color": "#000000",
        "product-regular-price-color": "#000000",
        "product-price-sale-color": "#000000",
        "body-background-color": "#a43838",
        "body-color": "#888888",
        "border-color": "#ececec",
        "color-primary": "#f53f3f",
        "color-secondary": "#1383df",
        "color-white": "#ffffff",
        "color-black": "#000000",
        "color-grey-1": "",
        "color-grey-2": "",
        "color-grey-3": "",
        "button-background-color": "",
        "button-text-color": "",
        "button-border-color": "",
        "button-hover-background-color": "",
        "button-hover-text-color": "",
        "button-hover-border-color": "",
        "primary-button-background-color": "",
        "primary-button-text-color": "",
        "primary-button-border-color": "",
        "primary-button-hover-background-color": "",
        "primary-button-hover-text-color": "",
        "primary-button-hover-border-color": "",
        "type_header_font": "fira_sans_n4",
        "color_1": "#333333",
        "color_2": "#f1f1f1",
        "color_3": "#ffffff",
        "color_4": "#000000",
        "color_5": "#777777",
        "color_6": "#f8dbde",
        "button_color": "#333333",
        "button_hover_color": "rgba(0,0,0,0)",
        "alt_button_color": "#ffe5e8",
        "alt_button_text_color": "#333333",
        "alt_button_border_color": "#ffe5e8",
        "alt_button_hover_color": "rgba(0,0,0,0)",
        "alt_button_hover_text_color": "#ffe5e8",
        "alt_button_hover_border_color": "#ffe5e8",
        "white_button_color": "",
        "white_button_text_color": "#ffffff",
        "white_button_border_color": "#ffffff",
        "white_button_hover_color": "#ffffff",
        "white_button_hover_text_color": "#333333",
        "white_button_hover_border_color": "#ffffff",
        "sharing_gplus": true,
        "product_name_size": "14px",
        "section_headers_bg_color": "#be3838",
        "section_headers_alignment": "center",
        "product_border": false,
        "sale_type": "text",
        "color_scheme": "scheme_1",
        "scheme_1_color_1": "#6fcfb8",
        "scheme_1_color_2": "#333333",
        "scheme_2_color_1": "#f2c94c",
        "scheme_2_color_2": "#242424",
        "scheme_3_color_1": "#77c126",
        "scheme_3_color_2": "#fc5d20",
        "text-animation": true,
        "base_font": "google_fonts:Roboto",
        "heading_font": "google_fonts:Roboto",
        "currency_selector": "0",
        "show_multiple_currencies": "1",
        "currency_format": "money_with_currency_format",
        "default_currency": "USD",
        "currencies_toggle": true,
        "currencies_list": "",
        "checkout_use_header_image": false,
        "checkout_logo": "",
        "checkout_use_body_background_image": false,
        "checkout_use_sidebar_background_image": false,
        "color_text": "#3d4246",
        "color_body_text": "#788188",
        "color_sale_text": "#7796A8",
        "color_borders": "#e8e9eb",
        "color_button": "#7796A8",
        "color_button_text": "#fff",
        "color_small_button": "#fff",
        "color_small_button_text": "#3d4246",
        "color_image_overlay_text": "#fff",
        "color_image_overlay": "#3d4246",
        "image_overlay_opacity": "0.25",
        "color_body_bg": "#fff",
        "type_header_family": "Google_Work+Sans_600_sans",
        "type_header_base_size": "26px",
        "type_base_family": "Google_Work+Sans_400_sans",
        "type_base_size": "16px",
        "type_bold_product_titles": false,
        "share_facebook": true,
        "share_twitter": true,
        "share_pinterest": true,
        "social_twitter_link": "",
        "social_facebook_link": "",
        "social_pinterest_link": "",
        "social_instagram_link": "",
        "social_tumblr_link": "",
        "social_snapchat_link": "",
        "social_youtube_link": "",
        "social_vimeo_link": "",
        "sections": {
            "section-announcement-bar": {
                "type": "section-announcement-bar",
                "settings": {
                    "display_ab": false,
                    "container_width": "full-width",
                    "ab_height": 30,
                    "bg_type": "color_bg",
                    "bg_section": "#dfdfdf",
                    "text_color": "#121212",
                    "content": "<div>Enjoy FREE standard delivery on orders over $100<\/div>",
                    "link_type_banner": false,
                    "item_link": "",
                    "against_view_period": ""
                }
            },
            "header": {
                "type": "header",
                "blocks": {
                    "e88dc543-fd82-4868-9af3-49c4f14c6164": {
                        "type": "3link-2banners",
                        "settings": {
                            "title": "Home",
                            "link": "\/",
                            "show_title": true,
                            "badge_text": "",
                            "badge_color": "#121212",
                            "bg_color": "#394cb3",
                            "links_1": "homepages",
                            "links_2": "header-layouts",
                            "links_3": "",
                            "use_ban1": true,
                            "banner_link_1": "shopify:\/\/collections\/accessories",
                            "banner_image_1": "shopify:\/\/shop_images\/Rectangle_32.jpg",
                            "item_title_1": "Clearance Sales",
                            "item_subtitle_1": "",
                            "item_text_1": "Up to 70% Off & Free Shipping",
                            "banner_style_1": "type-2",
                            "banner_position_vertical_1": "center",
                            "banner_position_horizontal_1": "center",
                            "banner_align_1": "center",
                            "banner_inverted_1": false,
                            "use_offset": false,
                            "use_ban2": true,
                            "banner_link_2": "shopify:\/\/collections\/accessories",
                            "banner_image_2": "shopify:\/\/shop_images\/banner.jpg",
                            "item_title_2": "",
                            "item_subtitle_2": "Women’s Beauty Boutique<br><br>",
                            "item_text_2": "SHOP NOW",
                            "banner_style_2": "type-1",
                            "banner_position_vertical_2": "center",
                            "banner_position_horizontal_2": "center",
                            "banner_align_2": "center",
                            "banner_inverted_2": true
                        }
                    },
                    "15352f9b-3a4a-431b-b989-e76bf12c6807": {
                        "type": "4link",
                        "settings": {
                            "image_bg_control": true,
                            "bg_image": "shopify:\/\/shop_images\/Rectangle_30.jpg",
                            "img_alignment": "center",
                            "title": "Shop",
                            "link": "",
                            "badge_text": "",
                            "badge_color": "#121212",
                            "bg_color": "#159ec9",
                            "show_title": true,
                            "links_1": "shop-layouts",
                            "links_2": "product-pages",
                            "links_3": "other-pages",
                            "links_4": ""
                        }
                    },
                    "7077354e-792d-477f-851c-9c26a4cbc464": {
                        "type": "link-linklist",
                        "settings": {
                            "title": "Pages",
                            "link": "",
                            "links": "pages",
                            "badge_text": "",
                            "badge_color": "#121212",
                            "bg_color": "#394cb3",
                            "custom_item_class": ""
                        }
                    },
                    "160071c7-9ac6-40ed-b060-b4d09235834b": {
                        "type": "link-linklist",
                        "settings": {
                            "title": "Blog",
                            "link": "",
                            "links": "blog",
                            "badge_text": "",
                            "badge_color": "#121212",
                            "bg_color": "#394cb3",
                            "custom_item_class": ""
                        }
                    },
                    "a9ed6090-970a-4f21-b2f1-5c8b92bb6aa6": {
                        "type": "3link-2prod-2ban",
                        "settings": {
                            "title": "Sale",
                            "link": "",
                            "badge_text": "",
                            "badge_color": "#121212",
                            "bg_color": "#159ec9",
                            "show_title": true,
                            "links_1": "clothing",
                            "links_2": "shoes",
                            "links_3": "accessories",
                            "products_title": "Features products",
                            "single_product_1": "blue-ditsy-floral-high-neck-mini-dress",
                            "single_product_2": "blue-overdyed-munich-logo-t-shirt",
                            "banner_link_1": "shopify:\/\/collections\/coats-jackets",
                            "banner_image_1": "shopify:\/\/shop_images\/menu-banner-1.jpg",
                            "item_title_1": "Men’s offers",
                            "item_text_1": "Get Up 20% off",
                            "banner_style_1": "type-1",
                            "banner_position_vertical_1": "center",
                            "banner_position_horizontal_1": "start",
                            "banner_align_1": "center",
                            "banner_inverted_1": false,
                            "banner_link_2": "shopify:\/\/collections\/outerwear",
                            "banner_image_2": "shopify:\/\/shop_images\/menu-banner-2.jpg",
                            "item_title_2": "Women’s sale!",
                            "item_text_2": "Final clearance!",
                            "banner_style_2": "type-1",
                            "banner_position_vertical_2": "center",
                            "banner_position_horizontal_2": "start",
                            "banner_align_2": "center",
                            "banner_inverted_2": false
                        }
                    },
                    "48794438-a662-406b-96e8-cceee16307ca": {
                        "type": "link-simple",
                        "settings": {
                            "title": "Buy theme!",
                            "link": "https:\/\/www.templatemonster.com\/shopify-themes\/monstroid-multipurpose-shopify-sections-minimal-theme-217344.html",
                            "badge_text": "",
                            "badge_color": "#121212",
                            "bg_color": "#1c54e2",
                            "custom_item_class": ""
                        }
                    }
                },
                "block_order": [
                    "e88dc543-fd82-4868-9af3-49c4f14c6164",
                    "15352f9b-3a4a-431b-b989-e76bf12c6807",
                    "7077354e-792d-477f-851c-9c26a4cbc464",
                    "160071c7-9ac6-40ed-b060-b4d09235834b",
                    "a9ed6090-970a-4f21-b2f1-5c8b92bb6aa6",
                    "48794438-a662-406b-96e8-cceee16307ca"
                ],
                "settings": {
                    "headermaxwidth": 1200,
                    "htheight": 110,
                    "header_sticky": true,
                    "header_type": "3",
                    "header_absolute": false,
                    "inverted_header_absolute": false,
                    "bg_headermain": "#ffffff",
                    "inverted_headermain": false,
                    "bg_ms_h": "#f2f3f5",
                    "inverted_ms_h": false,
                    "h_ms_height": 46,
                    "logo_type": "img",
                    "logo_width": 170,
                    "logo_main": "shopify:\/\/shop_images\/VENDY_62da7494-1f09-4a21-b23c-a2ee067648a0.png",
                    "use_logo_inverted": false,
                    "logo_txt": "Logo",
                    "logo_slogan": "",
                    "use_currency_selector": false,
                    "header_search": true,
                    "header_search_toggle": true,
                    "view_search": "type-1",
                    "header_user": true,
                    "view_login": "type-1",
                    "enable_header_wishlist": true,
                    "view_wishlist": "type-1",
                    "header_cart": true,
                    "ajax_cart": true,
                    "view_cart": "type-1",
                    "megamenu_toggle": true,
                    "menu_burger": false,
                    "megamenu_position": "center",
                    "default_menu": "",
                    "header_topbar": true,
                    "header_hidetopbar": true,
                    "bg_topbar": "#121212",
                    "inverted_topbar": true,
                    "htbheight": 40,
                    "header_tb_cs": false,
                    "social_menu": true,
                    "use_contactinfo": true,
                    "contacts_text": "All week from 9 am to 7 pm",
                    "contacts_phone": "+3(800) 2345-67897",
                    "top_panel_text": "",
                    "use_txt_slider": false,
                    "tb-item-text_1": "<p>Text slide <a href=\"\/collections\/all\" title=\"All products\"> #1<\/a><\/p>",
                    "tb-item-text_2": "<p>Text slide  <a href=\"\/products\/black-canvas-stripe-sole-trainer\" title=\"Black Canvas Stripe Sole Trainer\">#2<\/a><\/p>",
                    "tb-item-text_3": "<p>Text slide  <a href=\"\/products\/black-chunky-platform-block-heel-chelsea-boots\" title=\"Black Chunky Platform Block Heel Chelsea Boots\">#3<\/a><\/p>",
                    "header_bottombar": false,
                    "bottom_panel_text": "#1 link text",
                    "bottom_panel_link": "",
                    "bottom_panel_text_2": "#2 link text",
                    "bottom_panel_link_2": "",
                    "bottom_panel_text_3": "#3 link text",
                    "bottom_panel_link_3": "",
                    "hbbheight": 35
                }
            },
            "footer-1": {
                "type": "footer-1",
                "blocks": {
                    "e7bd57ab-ea34-43ab-bef0-e8bf7e7e6288": {
                        "type": "linklist",
                        "settings": {
                            "column_item": "column_2",
                            "links": "company",
                            "custom_class": ""
                        }
                    },
                    "47e94cfd-50f6-47b4-9cd9-7c61a346103a": {
                        "type": "linklist",
                        "settings": {
                            "column_item": "column_2",
                            "links": "footer",
                            "custom_class": ""
                        }
                    },
                    "bebada7d-6783-4daf-a2fc-4228e257ef95": {
                        "type": "linklist",
                        "settings": {
                            "column_item": "column_2",
                            "links": "order",
                            "custom_class": ""
                        }
                    }
                },
                "block_order": [
                    "e7bd57ab-ea34-43ab-bef0-e8bf7e7e6288",
                    "47e94cfd-50f6-47b4-9cd9-7c61a346103a",
                    "bebada7d-6783-4daf-a2fc-4228e257ef95"
                ],
                "settings": {
                    "bg_footermain": "#ffffff",
                    "inverted": false,
                    "footer_newsletter": true,
                    "container_settings": "container",
                    "title": "SUBSCRIBE TO OUR NEWSLETTER",
                    "text": "Join our mailing list for the latest product updates!",
                    "background_toggle": true,
                    "nl_inverted": false,
                    "type_line": true,
                    "offset-sm": false,
                    "bg_color": "#ffffff",
                    "payment_icons_toggle": false,
                    "footer_logo": true,
                    "footer_logo_type": "img",
                    "footer_logo_main": "shopify:\/\/shop_images\/VENDY_62da7494-1f09-4a21-b23c-a2ee067648a0.png",
                    "footer_logo_slogan": "<p>Our company is dedicated to creating unique and comfortable clothing for men and women.<\/p>",
                    "contacts": true,
                    "phone": "800-123-4567",
                    "phone_text": "Call Us:",
                    "email": "tmshopify@template-help.com",
                    "email_text": "Send us an email",
                    "powered_toggle": true,
                    "copyright_link": "",
                    "copyright_text": "",
                    "social_menu": true,
                    "footer_submenu": ""
                }
            },
            "footer-2": {
                "type": "footer-2",
                "blocks": {
                    "dce029cc-8136-4145-bf9c-c7f8d6984c06": {
                        "type": "linklist",
                        "settings": {
                            "column_item": "column_2",
                            "links": "company",
                            "custom_class": ""
                        }
                    },
                    "204ca0c4-7f49-4310-a428-e92df5195b96": {
                        "type": "newsletter",
                        "settings": {
                            "column_item": "column_6",
                            "block_title": "Newsletter",
                            "newsletter_text": ""
                        }
                    },
                    "eb52149a-e9e8-460f-93d5-2a9a42f8ed25": {
                        "type": "linklist",
                        "settings": {
                            "column_item": "column_2",
                            "links": "",
                            "custom_class": ""
                        }
                    }
                },
                "block_order": [
                    "dce029cc-8136-4145-bf9c-c7f8d6984c06",
                    "204ca0c4-7f49-4310-a428-e92df5195b96",
                    "eb52149a-e9e8-460f-93d5-2a9a42f8ed25"
                ],
                "settings": {
                    "bg_footermain": "#ffffff",
                    "inverted": false,
                    "footer_logo": true,
                    "footer_logo_type": "img",
                    "footer_logo_slogan": "<p>Best clean shopify theme<\/p>",
                    "powered_toggle": true,
                    "copyright_link": "",
                    "copyright_text": "",
                    "social_menu": true,
                    "payment_icons_toggle": false,
                    "footer_submenu": ""
                }
            },
            "footer-3": {
                "type": "footer-3",
                "settings": {
                    "footer_newsletter": true,
                    "container_settings": "container",
                    "title": "OUR NEWSLETTER",
                    "text": "Enjoy 10% off your first order when you join our mailing list.",
                    "background_toggle": true,
                    "inverted": false,
                    "type_line": false,
                    "offset-sm": false,
                    "bg_color": "#ffffff",
                    "payment_icons_toggle": true,
                    "footer_logo": true,
                    "footer_logo_type": "img",
                    "footer_logo_slogan": "",
                    "powered_toggle": true,
                    "social_menu": false,
                    "footer_submenu": ""
                }
            },
            "footer-4": {
                "type": "footer-4",
                "blocks": {
                    "6108f8b8-053f-4358-baf1-72c6ca415cae": {
                        "type": "contacts",
                        "settings": {
                            "column_item": "column_3",
                            "contacts_title": "Customer Service"
                        }
                    },
                    "538b1082-f682-496b-b62f-00ae107adb3f": {
                        "type": "linklist",
                        "settings": {
                            "column_item": "column_3",
                            "links": "company",
                            "custom_class": ""
                        }
                    },
                    "baf1948d-cd0a-4d38-ab75-310b471846ba": {
                        "type": "linklist",
                        "settings": {
                            "column_item": "column_3",
                            "links": "footer",
                            "custom_class": ""
                        }
                    },
                    "4ac0f001-703f-42d0-b2c5-f8cbce4b25ee": {
                        "type": "newslet-column",
                        "settings": {
                            "column_item": "column_3",
                            "newslet_title": "Newsletter",
                            "newslet_text": "<p>Subscribe now and get 10% off new collection garments<\/p>"
                        }
                    }
                },
                "block_order": [
                    "6108f8b8-053f-4358-baf1-72c6ca415cae",
                    "538b1082-f682-496b-b62f-00ae107adb3f",
                    "baf1948d-cd0a-4d38-ab75-310b471846ba",
                    "4ac0f001-703f-42d0-b2c5-f8cbce4b25ee"
                ],
                "settings": {
                    "bg_footermain": "#121212",
                    "inverted": true,
                    "footer_newsletter": false,
                    "container_settings": "container",
                    "title": "OUR NEWSLETTER",
                    "text": "Enjoy 10% off your first order when you join our mailing list.",
                    "background_toggle": true,
                    "nl_inverted": false,
                    "type_line": false,
                    "offset-sm": false,
                    "bg_color": "#ffffff",
                    "payment_icons_toggle": true,
                    "powered_toggle": true,
                    "copyright_link": "",
                    "copyright_text": "",
                    "social_menu": true,
                    "footer_submenu": "",
                    "code_ban": ""
                }
            },
            "list-collections-type2": {
                "type": "list-collections-type2",
                "blocks": {
                    "a741f793-ae12-4e8b-997d-779520d14c69": {
                        "type": "image",
                        "settings": {
                            "bg_image": "shopify:\/\/shop_images\/banner-25.jpg",
                            "img_bg_alignment": "top",
                            "links": "clothing",
                            "item_description": "best collections"
                        }
                    }
                },
                "block_order": [
                    "a741f793-ae12-4e8b-997d-779520d14c69"
                ],
                "settings": {
                    "section_view": "boxed",
                    "page_title": ""
                }
            },
            "header_sidebar": {
                "type": "header_sidebar",
                "settings": {
                    "bg_headermain": "#FFFFFF",
                    "inverted_headermain": false,
                    "logo_type": "txt",
                    "logo_width": 160,
                    "logo_height": 40,
                    "use_logo_inverted": false,
                    "logo_txt": "Logo",
                    "logo_slogan": "<p>Brand slogan<\/p>",
                    "use_currency_selector": false,
                    "header_search": true,
                    "header_search_toggle": true,
                    "view_search": "type-3",
                    "header_user": true,
                    "view_login": "type-3",
                    "enable_header_wishlist": true,
                    "view_wishlist": "type-3",
                    "header_cart": true,
                    "view_cart": "type-3",
                    "megamenu_toggle": false,
                    "default_menu": "main-menu",
                    "social_menu": true,
                    "use_contactinfo": true,
                    "contacts_text": "All week from 9 am to 7 pm",
                    "contacts_phone": "+3(800) 2345-67897"
                }
            }
        },
        "content_for_index": []
    }
}