{"sections":{"162766312376154f68":{"type":"index-slideshow","blocks":{"162766312376154f68-0":{"type":"image","settings":{"image":"shopify:\/\/shop_images\/slide_1.jpg","bg_animation":"fade-in-left","img_alignment":"top","bg_pos_mobile":50,"use_bgo":false,"bg_color":"","bg_color_opacity":0.5,"caption_animation":"slide-in-left","inverted":false,"caption_position":"left","caption_align":"left","caption_size":"large","inset_block":"3%","use_bgc":false,"bgc_color":"","bgc_color_opacity":0.5,"item_large_title_1":"<p>Sale<\/p>","large_title_animation":"none","color_large_title":"#e82626","item_title_1":"","title_animation":"none","color_title":"#121212","item_subtitle_1":"","subtitle_animation":"none","color_subtitle":"#121212","item_text_1":"","color_text":"#797b7e","code":"<div class=\"h1 mt-1\">\n<span style=\"color: #E82626;\">up to 50% off <\/span> on <br> your favorites<\/div>","custom_html_animation":"none","url_text":"shop our collection","slide_link":"#","slide_as_link":false,"btn_style":"btn-primary","btn_size":"btn-lg","slide_video_on":false,"item_url":"https:\/\/www.youtube.com\/embed\/KU6fYlSsvkI","margin_title":15,"margin_text":15,"margin_btn":15}},"b0144459-f21b-4416-968b-cf47c708725a":{"type":"image","settings":{"image":"shopify:\/\/shop_images\/slide_2.jpg","bg_animation":"fade-in-left","img_alignment":"top","bg_pos_mobile":50,"use_bgo":false,"bg_color":"","bg_color_opacity":0.5,"caption_animation":"slide-in-left","inverted":false,"caption_position":"left","caption_align":"left","caption_size":"large","inset_block":"3%","use_bgc":false,"bgc_color":"","bgc_color_opacity":0.5,"item_large_title_1":"<p>New<\/p>","large_title_animation":"none","color_large_title":"#e82626","item_title_1":"<p>Natural Cotton <\/p><p>collection<\/p>","title_animation":"none","color_title":"#121212","item_subtitle_1":"","subtitle_animation":"none","color_subtitle":"#121212","item_text_1":"","color_text":"#797b7e","code":"","custom_html_animation":"none","url_text":"shop our collection","slide_link":"#","slide_as_link":false,"btn_style":"btn-primary","btn_size":"btn-lg","slide_video_on":false,"item_url":"https:\/\/www.youtube.com\/embed\/KU6fYlSsvkI","margin_title":15,"margin_text":15,"margin_btn":30}},"91dac8a3-8859-4387-8955-8fe3b1605a76":{"type":"image","settings":{"image":"shopify:\/\/shop_images\/slide_3.jpg","bg_animation":"fade-in-left","img_alignment":"top","bg_pos_mobile":50,"use_bgo":false,"bg_color":"","bg_color_opacity":0.5,"caption_animation":"fade-in-bottom","inverted":false,"caption_position":"left","caption_align":"left","caption_size":"large","inset_block":"3%","use_bgc":false,"bgc_color":"","bgc_color_opacity":0.5,"item_large_title_1":"<p>-20%<\/p>","large_title_animation":"none","color_large_title":"#e82626","item_title_1":"<p>Ultralight Cotton<\/p><p> Briefs<\/p>","title_animation":"none","color_title":"#121212","item_subtitle_1":"","subtitle_animation":"none","color_subtitle":"#121212","item_text_1":"","color_text":"#797b7e","code":"","custom_html_animation":"none","url_text":"shop our collection","slide_link":"#","slide_as_link":false,"btn_style":"btn-primary","btn_size":"btn-lg","slide_video_on":false,"item_url":"https:\/\/www.youtube.com\/embed\/KU6fYlSsvkI","margin_title":16,"margin_text":23,"margin_btn":30}}},"block_order":["162766312376154f68-0","b0144459-f21b-4416-968b-cf47c708725a","91dac8a3-8859-4387-8955-8fe3b1605a76"],"settings":{"container_width":"full-width","slideshow_img_type":"bg","padding_desktop":470,"padding_mobile":200,"slideshow_height":"medium","autoplay":true,"autoplay_delay":"20000","autoplay_speed":"3000","slideshow_pagination":"bullets","slideshow_effect":"slide"}},"1663081713b8b41a8e":{"type":"index-lookbook","blocks":{"16630817131b3543ba-0":{"type":"image","settings":{"image_column":"12","offset_block_top":"0","image":"shopify:\/\/shop_images\/lookbook.jpg","item_product_1":"weekday-note-bra","item_x_1":11,"item_y_1":51,"item_product_2":"marie-meili-wisdom-super-push-up-bra","item_x_2":44,"item_y_2":34,"item_product_3":"weekday-stella-triangle-bra","item_x_3":60,"item_y_3":17,"item_product_4":"bridal-valentina-corded-lace-slip","item_x_4":86,"item_y_4":56}}},"block_order":["16630817131b3543ba-0"],"settings":{"container_width":"full-width","reset_indent":false,"section_title":"","text_title":"","inset_section":"0px 0px 0px 0px","offset_section":"0px 0px 0px 0px","bg_section":"#ffffff","carousel_view":false,"items_view":"1","show_product_list":false,"off_carousel_nav":false,"out_nav":false,"off_carousel_pag":false,"product_style":"style_1"}},"1627899736175f45d2":{"type":"index-divider","settings":{"section_view":"container","type_value":"vw","padding_top":0,"padding_bottom":0,"padding_top_vw":4.5,"padding_bottom_vw":4.5,"margin_top":0,"margin_bottom":0,"background_color":"","tablet_padding_top":26,"tablet_padding_bottom":24,"tablet_margin_top":0,"tablet_margin_bottom":0}},"162945910130dbf1bc":{"type":"index-featured-products","blocks":{"162945910130dbf1bc-0":{"type":"collection_tab","settings":{"show_view_all":false,"view_all_link_text":"Explore Collections","section_title":"","block_collection_title":"","block_collection":"bras","product_card_reviews":false,"product_card_vendor":false,"badge_card_toggle":true,"product_card_variants":false,"variants_type_url":"only_color","product_card_variants_limit":"5","product_card_options":true,"current_text_product_option":"Color","opt_type":"image","image_ratio":"portrait-thumb","show_secondary_image":false,"image_padding":0,"bg_wrap_img_color":"rgba(0,0,0,0)","bg_img_color":"#f2f3f5"}}},"block_order":["162945910130dbf1bc-0"],"settings":{"section_title":"Best sellers","section_subtitle":"Top sale in this week","textalign_pos":"center","container_width":"container","bg_section":"#ffffff","inverted":false,"inset_section":"0px 0px 0px 0px","offset_section":"0px 0px 0px 0px","reset_indent":false,"use_tabs":false,"pc_grid_style":"grid_style_2","use_border_card":false,"use_border_grid":false,"all_view":false,"products_count":"4","column_item":"25%","carousel_view":false,"products_view":"4","off_carousel_nav":false,"off_carousel_pag":false,"carousel_control_type":"pagination","design_type":"type_1"}},"162789983429f786d4":{"type":"index-divider","settings":{"section_view":"container","type_value":"vw","padding_top":0,"padding_bottom":0,"padding_top_vw":2.3,"padding_bottom_vw":2.3,"margin_top":0,"margin_bottom":0,"background_color":"","tablet_padding_top":35,"tablet_padding_bottom":35,"tablet_margin_top":0,"tablet_margin_bottom":0}},"1663081721c8177c60":{"type":"index-banners","blocks":{"1663081721bd5fbf2f-0":{"type":"banner","settings":{"image":"shopify:\/\/shop_images\/Rectangle_210.jpg","width":"4","banner_style":"overlay","off_overlay_mobile":false,"use_bgb":false,"bgb_color":"","bgb_color_opacity":0.5,"inset_block":"0 0 0 0","use_bottom_offset_mobile":true,"margin_bottom":30,"use_bgo":false,"bg_color":"","bg_color_opacity":0.5,"inverted":true,"h_cpos":"center","v_cpos":"end","reverse_cpos":"flex-column","textalign_pos":"center","item_title":"","color_title":"#121212","item_subtitle":"<p>bras<\/p>","color_subtitle":"#121212","item_text":"","color_text":"#797b7e","custom_heading":"","color_ch":"#797b7e","code":"","caption_size":"medium","inset_caption":"6% 7% 23% 7%","item_link":"#","link_text":"","link_type_banner":true,"btn_style":"btn-primary","btn_size":"btn-md","margin_title":22,"margin_text":15,"margin_btn":35,"custom_class":""}},"1663081721bd5fbf2f-1":{"type":"banner","settings":{"image":"shopify:\/\/shop_images\/Rectangle_217.jpg","width":"4","banner_style":"overlay","off_overlay_mobile":false,"use_bgb":false,"bgb_color":"","bgb_color_opacity":0.5,"inset_block":"0 0 0 0","use_bottom_offset_mobile":true,"margin_bottom":30,"use_bgo":false,"bg_color":"","bg_color_opacity":0.5,"inverted":true,"h_cpos":"center","v_cpos":"end","reverse_cpos":"flex-column","textalign_pos":"center","item_title":"","color_title":"#121212","item_subtitle":"<p>Knickers<\/p>","color_subtitle":"#121212","item_text":"","color_text":"#797b7e","custom_heading":"","color_ch":"#797b7e","code":"","caption_size":"medium","inset_caption":"6% 7% 23% 7%","item_link":"#","link_text":"","link_type_banner":true,"btn_style":"btn-primary","btn_size":"btn-md","margin_title":22,"margin_text":15,"margin_btn":35,"custom_class":""}},"35f17546-2233-4f41-baf2-24cc18b13eda":{"type":"banner","settings":{"image":"shopify:\/\/shop_images\/Rectangle_218.jpg","width":"4","banner_style":"overlay","off_overlay_mobile":false,"use_bgb":false,"bgb_color":"","bgb_color_opacity":0.5,"inset_block":"0 0 0 0","use_bottom_offset_mobile":true,"margin_bottom":30,"use_bgo":false,"bg_color":"","bg_color_opacity":0.5,"inverted":true,"h_cpos":"center","v_cpos":"end","reverse_cpos":"flex-column","textalign_pos":"center","item_title":"","color_title":"#121212","item_subtitle":"<p>Pyjamas<\/p>","color_subtitle":"#121212","item_text":"","color_text":"#797b7e","custom_heading":"","color_ch":"#797b7e","code":"","caption_size":"medium","inset_caption":"6% 7% 23% 7%","item_link":"#","link_text":"","link_type_banner":true,"btn_style":"btn-primary","btn_size":"btn-md","margin_title":22,"margin_text":15,"margin_btn":35,"custom_class":""}},"c7ff9308-d6c3-4f38-89bf-9927b2efc4ba":{"type":"banner","settings":{"image":"shopify:\/\/shop_images\/Group_779.jpg","width":"6","banner_style":"overlay","off_overlay_mobile":false,"use_bgb":false,"bgb_color":"","bgb_color_opacity":0.5,"inset_block":"0 0 0 0","use_bottom_offset_mobile":true,"margin_bottom":30,"use_bgo":false,"bg_color":"","bg_color_opacity":0.5,"inverted":false,"h_cpos":"center","v_cpos":"end","reverse_cpos":"flex-column","textalign_pos":"center","item_title":"","color_title":"#121212","item_subtitle":"<p>Tank Tops<\/p>","color_subtitle":"#121212","item_text":"","color_text":"#797b7e","custom_heading":"","color_ch":"#797b7e","code":"<p class=\"banner-badge\">men<\/p>","caption_size":"medium","inset_caption":"6% 7% 23% 7%","item_link":"#","link_text":"","link_type_banner":true,"btn_style":"btn-primary","btn_size":"btn-md","margin_title":22,"margin_text":15,"margin_btn":35,"custom_class":""}},"09e7b8e7-2fa7-48cc-9b78-42e97b0e95ac":{"type":"banner","settings":{"image":"shopify:\/\/shop_images\/Group_778.jpg","width":"6","banner_style":"overlay","off_overlay_mobile":false,"use_bgb":false,"bgb_color":"","bgb_color_opacity":0.5,"inset_block":"0 0 0 0","use_bottom_offset_mobile":true,"margin_bottom":30,"use_bgo":false,"bg_color":"","bg_color_opacity":0.5,"inverted":false,"h_cpos":"center","v_cpos":"end","reverse_cpos":"flex-column","textalign_pos":"center","item_title":"","color_title":"#121212","item_subtitle":"<p>boxers<\/p>","color_subtitle":"#121212","item_text":"","color_text":"#797b7e","custom_heading":"","color_ch":"#797b7e","code":"<p class=\"banner-badge\">men<\/p>","caption_size":"medium","inset_caption":"6% 7% 23% 7%","item_link":"#","link_text":"","link_type_banner":true,"btn_style":"btn-primary","btn_size":"btn-md","margin_title":22,"margin_text":15,"margin_btn":35,"custom_class":""}}},"block_order":["1663081721bd5fbf2f-0","1663081721bd5fbf2f-1","35f17546-2233-4f41-baf2-24cc18b13eda","c7ff9308-d6c3-4f38-89bf-9927b2efc4ba","09e7b8e7-2fa7-48cc-9b78-42e97b0e95ac"],"settings":{"section_title":"","desc":"","container_width":"full-width","reset_indent":true,"bg_section":"#ffffff","inset_section":"0px 0px 0px 0px","offset_section":"0px 0px 0px 0px"}},"1663082019d5cf252d":{"type":"index-custom-content","blocks":{"1663082018902e84be-1":{"type":"text","settings":{"custom_class":"","caption_size":"small","h_cpos":"center","v_cpos":"center","item_title":"<p>Subscribe with one click, free shipping on all orders<\/p>","color_title":"#121212","item_subtitle":"","color_subtitle":"#121212","item_text":"","color_text":"#797b7e","url_text":"Shop now","block_link":"","btn_style":"btn-primary","btn_size":"btn-md","width":"100%","align_text":"center"}},"e87f28d4-f844-4b1c-be27-d241f46cd4b4":{"type":"html","settings":{"custom_class":"","code":"<p class=\"text-center\"><a onclick=\"focusForm()\" class=\"link link-dark\" href=\"#newsletter_footer--form\">subscribe<\/a><\/p>\n<script>\nconst focusForm = () => {\n   const input = document.getElementById(\"newsletter_footer--form\");\n   input.focus();\n}\n<\/script>","width":"100%"}}},"block_order":["1663082018902e84be-1","e87f28d4-f844-4b1c-be27-d241f46cd4b4"],"settings":{"custom_class":"","container_width":"full-width","reset_indent":false,"inset_section":"4.375rem 0px 4.375rem 0px","offset_section":"0px 0px 0px 0px","bg_section":"#e9e6dd","title":"","inverted":false}},"16279000732d0d0a44":{"type":"index-divider","settings":{"section_view":"container","type_value":"vw","padding_top":0,"padding_bottom":0,"padding_top_vw":4.5,"padding_bottom_vw":4.5,"margin_top":0,"margin_bottom":0,"background_color":"","tablet_padding_top":30,"tablet_padding_bottom":30,"tablet_margin_top":0,"tablet_margin_bottom":0}},"1627900089f168df64":{"type":"maestrooo-instagram","settings":{"title":"From Instagram to your wardrobe, choose <br> your favorite models and buy them now!","subheading":"","button_text":"","button_link":"","layout":"grid","image_size":"small","full_width":true,"add_spacing":false,"rows_count":1,"show_author":false,"show_caption":true,"show_date":false,"click_action":"open_instagram","heading_color":"#121212","subheading_color":"#121212","button_background":"#121212","button_color":"#ffffff","overlay_color":"#000000","overlay_text_color":"#ffffff","overlay_opacity":40}},"162997227580d58322":{"type":"index-cms-block","blocks":{"162997227580d58322-2":{"type":"item","settings":{"width":"4","bg_block":"rgba(0,0,0,0)","inset_block":"0px 0px 0px 0px","inset_text":"3px 15px 3px 9%","item_pos":"top","content_pos":"center","content_align":"center","title":"","text":"<p>Enjoy free shipping on orders $50 and over<\/p>","link_text":"","link":"","use_lb":false,"use_image":false,"wid":"","icon_type":"svg_code","code":"","icon_width":60,"icon_height":60}},"162997227580d58322-0":{"type":"item","settings":{"width":"4","bg_block":"rgba(0,0,0,0)","inset_block":"0px 0px 0px 0px","inset_text":"3px 15px 3px 15px","item_pos":"top","content_pos":"center","content_align":"center","title":"","text":"<p>FREE RETURN  30 days money back guarantee!<\/p>","link_text":"","link":"","use_lb":false,"use_image":false,"wid":"","icon_type":"svg_code","code":"","icon_width":60,"icon_height":60}},"162997227580d58322-1":{"type":"item","settings":{"width":"4","bg_block":"rgba(0,0,0,0)","inset_block":"0px 0px 0px 0px","inset_text":"3px 10% 3px 15px","item_pos":"top","content_pos":"center","content_align":"center","title":"","text":"<p>SECURE PAYMENTS  100% Secure Payments<\/p>","link_text":"","link":"","use_lb":false,"use_image":false,"wid":"","icon_type":"svg_code","code":"","icon_width":60,"icon_height":60}}},"block_order":["162997227580d58322-2","162997227580d58322-0","162997227580d58322-1"],"settings":{"section_title":"","desc":"","container_width":"full-width","reset_indent":false,"bg_section":"#e9e6dd","inset_section":"35px 0px 35px 0px","offset_section":"0px 0px 0px 0px"}}},"order":["162766312376154f68","1663081713b8b41a8e","1627899736175f45d2","162945910130dbf1bc","162789983429f786d4","1663081721c8177c60","1663082019d5cf252d","16279000732d0d0a44","1627900089f168df64","162997227580d58322"]}