{"sections":{"main":{"type":"main-page","settings":{}},"162992700710bf7db2":{"type":"index-divider","settings":{"section_view":"boxed","type_value":"px","padding_top":20,"padding_bottom":21,"padding_top_vw":1.5,"padding_bottom_vw":1.5,"margin_top":0,"margin_bottom":0,"background_color":"","tablet_padding_top":20,"tablet_padding_bottom":20,"tablet_margin_top":0,"tablet_margin_bottom":0}},"1629924013831e9dc1":{"type":"index-custom-content","blocks":{"1629924013831e9dc1-1":{"type":"text","settings":{"custom_class":"","caption_size":"medium","h_cpos":"center","v_cpos":"center","item_title":"Style is a way to say who you are without having to speak","color_title":"#121212","item_subtitle":"","color_subtitle":"#121212","item_text":"","color_text":"#797b7e","url_text":"Shop now","block_link":"","btn_style":"btn-primary","btn_size":"btn-md","width":"50%","align_text":"left"}},"db8ef972-ec91-4d85-afe6-314871438478":{"type":"text","settings":{"custom_class":"mt-1","caption_size":"medium","h_cpos":"start","v_cpos":"start","item_title":"","color_title":"#121212","item_subtitle":"We guarantee the highest quality of the products we sell.","color_subtitle":"#121212","item_text":"<p>Several decades of successful operation and millions of happy customers let us feel certain about that. Besides, all items we sell pass thorough quality control, so no characteristics mismatch can escape the eye of our professionals.<\/p>","color_text":"#797b7e","url_text":"Shop now","block_link":"","btn_style":"btn-primary","btn_size":"btn-md","width":"50%","align_text":"left"}}},"block_order":["1629924013831e9dc1-1","db8ef972-ec91-4d85-afe6-314871438478"],"settings":{"custom_class":"","container_width":"container","reset_indent":false,"inset_section":"0px 0px 0px 0px","offset_section":"0px 0px 0px 0px","bg_section":"#ffffff","title":"","inverted":false}},"1629926611e2d8607a":{"type":"index-divider","settings":{"section_view":"boxed","type_value":"px","padding_top":30,"padding_bottom":30,"padding_top_vw":1.5,"padding_bottom_vw":1.5,"margin_top":0,"margin_bottom":0,"background_color":"","tablet_padding_top":20,"tablet_padding_bottom":20,"tablet_margin_top":0,"tablet_margin_bottom":0}},"162992700206cb52d6":{"type":"index-custom-content","blocks":{"162992700206cb52d6-0":{"type":"image","settings":{"image":"shopify:\/\/shop_images\/lookbook.jpg","width":"100%"}}},"block_order":["162992700206cb52d6-0"],"settings":{"custom_class":"","container_width":"container","reset_indent":false,"inset_section":"0px 0px 0px 0px","offset_section":"0px 0px 0px 0px","bg_section":"#ffffff","title":"","inverted":false}},"16299270729a14828b":{"type":"index-divider","settings":{"section_view":"boxed","type_value":"px","padding_top":74,"padding_bottom":76,"padding_top_vw":1.5,"padding_bottom_vw":1.5,"margin_top":0,"margin_bottom":0,"background_color":"","tablet_padding_top":28,"tablet_padding_bottom":27,"tablet_margin_top":0,"tablet_margin_bottom":0}},"1635028743c19ae216":{"type":"index-counter","blocks":{"1635028743c19ae216-0":{"type":"item","settings":{"width":"3","bg_block":"#ffffff","inset_block":"0px 0px 0px 0px","text_pos":"start","text_align":"left","title":"Team members","color_title":"#797b7e","number":"24+","color_number":"#121212"}},"1635028743c19ae216-1":{"type":"item","settings":{"width":"3","bg_block":"#ffffff","inset_block":"0px 0px 0px 0px","text_pos":"start","text_align":"left","title":"Year founded","color_title":"#797b7e","number":"2010","color_number":"#121212"}},"1635028743c19ae216-2":{"type":"item","settings":{"width":"3","bg_block":"#ffffff","inset_block":"0px 0px 0px 0px","text_pos":"start","text_align":"left","title":"Customers","color_title":"#797b7e","number":"15k","color_number":"#121212"}},"b1e71b96-89f6-4804-8601-67efa6009abb":{"type":"item","settings":{"width":"3","bg_block":"#ffffff","inset_block":"0px 0px 0px 0px","text_pos":"start","text_align":"left","title":"In total funding","color_title":"#797b7e","number":"$10m","color_number":"#121212"}}},"block_order":["1635028743c19ae216-0","1635028743c19ae216-1","1635028743c19ae216-2","b1e71b96-89f6-4804-8601-67efa6009abb"],"settings":{"section_title":"<p>Some facts About Us<\/p>","desc":"Unlike product and catalog pages, which typically","container_width":"container","reset_indent":false,"bg_section":"#ffffff","inset_section":"0px 0px 0px 0px","offset_section":"0px 0px 0px 0px"}},"1629927922cc1644a8":{"type":"index-divider","settings":{"section_view":"boxed","type_value":"px","padding_top":76,"padding_bottom":74,"padding_top_vw":1.5,"padding_bottom_vw":1.5,"margin_top":0,"margin_bottom":0,"background_color":"","tablet_padding_top":20,"tablet_padding_bottom":20,"tablet_margin_top":0,"tablet_margin_bottom":0}},"162992810892a13070":{"type":"index-image-with-text-column","blocks":{"63de0dfd-3a24-42dc-b1f5-e21020f68fee":{"type":"heading_h2","settings":{"heading_h2":"Our Story","heading_size":56,"font_weight":400,"color":"#121212","indent_block":"0","inset_block":"0 0 0 0","offset_block":"5% 0 0 0","use_bgi":false,"bgc_color":"","bgc_color_opacity":0.5,"title_animation":"none"}},"162992810892a13070-2":{"type":"text","settings":{"text":"Our store is more than just another average online retailer. We sell not only top quality products, but give our customers a positive online shopping experience.","heading_size":16,"font_weight":400,"color":"#797b7e","inset_block":"0 15% 0 0","offset_block":"3% 0 0 0","use_bgc":false,"bgc_color":"","bgc_color_opacity":0.5}},"19e0f851-f33e-406d-b4b0-d689ac971855":{"type":"text","settings":{"text":"Forget about struggling to do everything at once: taking care of the family, running your business, walking your dog, cleaning the house, doing the shopping, etc.","heading_size":16,"font_weight":400,"color":"#797b7e","inset_block":"0 15% 0 0","offset_block":"5% 0 0 0","use_bgc":false,"bgc_color":"","bgc_color_opacity":0.5}}},"block_order":["63de0dfd-3a24-42dc-b1f5-e21020f68fee","162992810892a13070-2","19e0f851-f33e-406d-b4b0-d689ac971855"],"settings":{"container_width":"container","reset_indent":false,"column_dir":"row-reverse","inset_section":"12% 0px 10% 0px","offset_section":"0px 0px 0px 0px","bg_section":"#f1ebdf","image":"shopify:\/\/shop_images\/Group_779.jpg","image_column":"6","use_bgimg":false,"image_bg_color":"","image_bg_color_opacity":0.5,"inset_image":"0px 0px 0px 0px","caption_column":"6","caption_align_v":"center","text_align":"left","inverted":false,"use_caption_bg":false,"caption_bg_color":"","caption_bg_color_opacity":0.5,"inset_caption":"6% 7% 6% 7%"}},"16299286684427f4b1":{"type":"index-divider","settings":{"section_view":"boxed","type_value":"px","padding_top":74,"padding_bottom":76,"padding_top_vw":1.5,"padding_bottom_vw":1.5,"margin_top":0,"margin_bottom":0,"background_color":"","tablet_padding_top":29,"tablet_padding_bottom":32,"tablet_margin_top":0,"tablet_margin_bottom":0}},"16299286624bb8b62c":{"type":"index-testimonials","blocks":{"16299286624bb8b62c-0":{"type":"quote","settings":{"item_width":"col-lg-4","inset_block":"0px 0px 0px 0px","offset_block":"50px 0px 0px 0px","bg_block":"#ffffff","star":"5","quote":"Add customer reviews and testimonials to showcase your store’s happy customers.","author_img":"shopify:\/\/shop_images\/author-1.jpg","author":"Author's name","author_info":"Author's info","inverted":false}},"16299286624bb8b62c-1":{"type":"quote","settings":{"item_width":"col-lg-4","inset_block":"0px 0px 0px 0px","offset_block":"50px 0px 0px 0px","bg_block":"#ffffff","star":"5","quote":"Add customer reviews and testimonials to showcase your store’s happy customers.","author_img":"shopify:\/\/shop_images\/author-2.jpg","author":"Author's name","author_info":"Author's info","inverted":false}},"16299286624bb8b62c-2":{"type":"quote","settings":{"item_width":"col-lg-4","inset_block":"0px 0px 0px 0px","offset_block":"50px 0px 0px 0px","bg_block":"#ffffff","star":"4","quote":"Add customer reviews and testimonials to showcase your store’s happy customers.","author_img":"shopify:\/\/shop_images\/author-3.jpg","author":"Author's name","author_info":"Author's info","inverted":false}}},"block_order":["16299286624bb8b62c-0","16299286624bb8b62c-1","16299286624bb8b62c-2"],"settings":{"container_width":"container","inset_section":"0px 0px 0px 0px","offset_section":"0px 0px 0px 0px","bg_section":"#ffffff","title":"Trusted by 15k users","style":"type_2","quote_size":"medium","quote_color":"#121212","caption_text":"Create exactly what you need with our powerful bootstrap toolkit.","text_align":"left","offset_quote_img":"0px 0px 25px 0px","off_carousel_nav":false,"off_carousel_pag":false,"pag_align":"center"}},"16299292313285336f":{"type":"index-divider","settings":{"section_view":"boxed","type_value":"px","padding_top":67,"padding_bottom":67,"padding_top_vw":1.5,"padding_bottom_vw":1.5,"margin_top":0,"margin_bottom":0,"background_color":"","tablet_padding_top":31,"tablet_padding_bottom":30,"tablet_margin_top":0,"tablet_margin_bottom":0}},"16299294697c9ff18a":{"type":"maestrooo-instagram","settings":{"title":"@ Follow us on Instagram","subheading":"","button_text":"","button_link":"","layout":"grid","image_size":"small","full_width":true,"add_spacing":false,"rows_count":1,"show_author":false,"show_caption":true,"show_date":true,"click_action":"open_instagram","heading_color":"#121212","subheading_color":"#121212","button_background":"#121212","button_color":"#ffffff","overlay_color":"#121212","overlay_text_color":"#ffffff","overlay_opacity":65}}},"order":["main","162992700710bf7db2","1629924013831e9dc1","1629926611e2d8607a","162992700206cb52d6","16299270729a14828b","1635028743c19ae216","1629927922cc1644a8","162992810892a13070","16299286684427f4b1","16299286624bb8b62c","16299292313285336f","16299294697c9ff18a"]}