{"sections":{"main":{"type":"main-page","settings":{}},"18ba6cce-272e-448a-93db-d5cb3829cceb":{"type":"section-accordion","blocks":{"template--15678076878905__18ba6cce-272e-448a-93db-d5cb3829cceb-16649800760fbbe2b3-0":{"type":"tab-block","settings":{"width":"12","offset_top_item":"0px","max_height_content":"auto","widget_open_toggle":true,"overlay_content":false,"element_header":"OVERVIEW","color_header":"","bg_header":"#ffffff","element_text":"<p>This website is operated by Home decor. Throughout the site, the terms “we”, “us” and “our” refer to Home decor. Home decor offers this website, including all information, tools and services available from this site to you, the user, conditioned upon your acceptance of all terms, conditions, policies and notices stated here.<\/p><p>By visiting our site and\/ or purchasing something from us, you engage in our “Service” and agree to be bound by the following terms and conditions (“Terms of Service”, “Terms”), including those additional terms and conditions and policies referenced herein and\/or available by hyperlink. These Terms of Service apply to all users of the site, including without limitation users who are browsers, vendors, customers, merchants, and\/ or contributors of content.<\/p><p>Please read these Terms of Service carefully before accessing or using our website. By accessing or using any part of the site, you agree to be bound by these Terms of Service. If you do not agree to all the terms and conditions of this agreement, then you may not access the website or use any services. If these Terms of Service are considered an offer, acceptance is expressly limited to these Terms of Service.<\/p><p>Any new features or tools which are added to the current store shall also be subject to the Terms of Service. You can review the most current version of the Terms of Service at any time on this page. We reserve the right to update, change or replace any part of these Terms of Service by posting updates and\/or changes to our website. It is your responsibility to check this page periodically for changes. Your continued use of or access to the website following the posting of any changes constitutes acceptance of those changes.<\/p><p>Our store is hosted on Shopify Inc. They provide us with the online e-commerce platform that allows us to sell our products and services to you.<\/p>","color_text":"","bg_text":"#ffffff"}},"template--15678076878905__18ba6cce-272e-448a-93db-d5cb3829cceb-16649800760fbbe2b3-1":{"type":"tab-block","settings":{"width":"12","offset_top_item":"0px","max_height_content":"auto","widget_open_toggle":false,"overlay_content":false,"element_header":"<strong>SECTION 1-<\/strong><em>ONLINE STORE TERMS<\/em>","color_header":"","bg_header":"#ffffff","element_text":"<p>By agreeing to these Terms of Service, you represent that you are at least the age of majority in your state or province of residence, or that you are the age of majority in your state or province of residence and you have given us your consent to allow any of your minor dependents to use this site.<\/p><p>You may not use our products for any illegal or unauthorized purpose nor may you, in the use of the Service, violate any laws in your jurisdiction (including but not limited to copyright laws).<\/p><p>You must not transmit any worms or viruses or any code of a destructive nature.<br\/>A breach or violation of any of the Terms will result in an immediate termination of your Services.<\/p>","color_text":"","bg_text":"#ffffff"}},"template--15678076878905__18ba6cce-272e-448a-93db-d5cb3829cceb-16649800760fbbe2b3-2":{"type":"tab-block","settings":{"width":"12","offset_top_item":"0px","max_height_content":"auto","widget_open_toggle":false,"overlay_content":false,"element_header":"<strong>SECTION 3-<\/strong><em>ACCURACY, COMPLETENESS AND TIMELINESS OF INFORMATION<\/em>","color_header":"","bg_header":"#ffffff","element_text":"<p>We are not responsible if information made available on this site is not accurate, complete or current. The material on this site is provided for general information only and should not be relied upon or used as the sole basis for making decisions without consulting primary, more accurate, more complete or more timely sources of information. Any reliance on the material on this site is at your own risk.<\/p><p>This site may contain certain historical information. Historical information, necessarily, is not current and is provided for your reference only. We reserve the right to modify the contents of this site at any time, but we have no obligation to update any information on our site. You agree that it is your responsibility to monitor changes to our site.<\/p>","color_text":"","bg_text":"#ffffff"}},"6191f971-0914-403d-9f60-f89103d54ae6":{"type":"tab-block","settings":{"width":"12","offset_top_item":"0px","max_height_content":"auto","widget_open_toggle":false,"overlay_content":false,"element_header":"<strong>SECTION 4-<\/strong><em>MODIFICATIONS TO THE SERVICE AND PRICES<\/em>","color_header":"","bg_header":"#ffffff","element_text":"<p>Prices for our products are subject to change without notice.<\/p><p>We reserve the right at any time to modify or discontinue the Service (or any part or content thereof) without notice at any time.<\/p><p>We shall not be liable to you or to any third-party for any modification, price change, suspension or discontinuance of the Service.<\/p>","color_text":"","bg_text":"#ffffff"}}},"block_order":["template--15678076878905__18ba6cce-272e-448a-93db-d5cb3829cceb-16649800760fbbe2b3-0","template--15678076878905__18ba6cce-272e-448a-93db-d5cb3829cceb-16649800760fbbe2b3-1","template--15678076878905__18ba6cce-272e-448a-93db-d5cb3829cceb-16649800760fbbe2b3-2","6191f971-0914-403d-9f60-f89103d54ae6"],"settings":{"section_title":"","desc":"","sec_title_align":"left","container_width":"container container-770","reset_indent":false,"bg_section":"#ffffff","inset_section":"2.813rem 0px 0px 0px","offset_section":"0px 0px 0px 0px"}}},"order":["main","18ba6cce-272e-448a-93db-d5cb3829cceb"]}