{"sections":{"main":{"type":"main-page","settings":{}},"26c062ca-ec37-473e-b357-8a07b749936d":{"type":"index-divider","settings":{"section_view":"container","type_value":"vw","padding_top":80,"padding_bottom":80,"padding_top_vw":1.5,"padding_bottom_vw":1.5,"margin_top":0,"margin_bottom":0,"background_color":"","tablet_padding_top":20,"tablet_padding_bottom":20,"tablet_margin_top":0,"tablet_margin_bottom":0}},"1662650925663bbbab":{"type":"index-lookbook","blocks":{"16626509253df8557b-0":{"type":"image","settings":{"image_column":"12","offset_block_top":"0","image":"shopify:\/\/shop_images\/lookbook.jpg","item_product_1":"asos-shake-your-coconuts-vest-andshort-pyjama-set","item_x_1":64,"item_y_1":30,"item_product_2":"marie-meili-wisdom-super-push-up-bra","item_x_2":28,"item_y_2":55,"item_product_3":"bridal-valentina-corded-lace-slip","item_x_3":85,"item_y_3":60,"item_product_4":"undiz-ampli-mico-t-shirt-bra","item_x_4":12,"item_y_4":50}}},"block_order":["16626509253df8557b-0"],"settings":{"container_width":"container","reset_indent":false,"section_title":"2022 Lookbook Collection","text_title":"Use a Shopify Theme that supports lookbooks","inset_section":"0px 0px 0px 0px","offset_section":"0px 0px 0px 0px","bg_section":"#ffffff","carousel_view":false,"items_view":"1","show_product_list":false,"off_carousel_nav":false,"out_nav":false,"off_carousel_pag":false,"product_style":"style_2"}},"1663352157bfe06ef0":{"type":"index-lookbook-carousel","blocks":{"1663352157897dc1f1-0":{"type":"lookbook","settings":{"reverse_block":false,"offset_block_top":"50px","image":"shopify:\/\/shop_images\/Group_779.jpg","item_product_1":"asos-bridal-here-comes-the-bride-vest-andshort-pyjama-set","item_x_1":21,"item_y_1":81,"item_product_2":"asos-madison-lace-underwire-bra","item_x_2":54,"item_y_2":23,"item_product_3":"","item_x_3":50,"item_y_3":50,"item_product_4":"","item_x_4":50,"item_y_4":50,"item_product_5":"","item_x_5":50,"item_y_5":50}},"1663352157897dc1f1-1":{"type":"lookbook","settings":{"reverse_block":true,"offset_block_top":"50px","image":"shopify:\/\/shop_images\/Group_778.jpg","item_product_1":"bridal-confetti-queen-tee-andshort-pyjama-set","item_x_1":65,"item_y_1":43,"item_product_2":"marie-meili-brooke-two-pack-bra","item_x_2":33,"item_y_2":78,"item_product_3":"","item_x_3":50,"item_y_3":50,"item_product_4":"","item_x_4":50,"item_y_4":50,"item_product_5":"","item_x_5":50,"item_y_5":50}}},"block_order":["1663352157897dc1f1-0","1663352157897dc1f1-1"],"settings":{"container_width":"container","section_title":"","text_title":"","inset_section":"0px 0px 0px 0px","offset_section":"0px 0px 0px 0px","bg_section":"#ffffff"}},"1663352597d6a8ca97":{"type":"index-divider","settings":{"section_view":"container","type_value":"px","padding_top":50,"padding_bottom":0,"padding_top_vw":0.9,"padding_bottom_vw":0.8,"margin_top":0,"margin_bottom":0,"background_color":"","tablet_padding_top":25,"tablet_padding_bottom":25,"tablet_margin_top":0,"tablet_margin_bottom":0}},"1663352592ec576ebc":{"type":"index-lookbook","blocks":{"1663352592071d1814-0":{"type":"image","settings":{"image_column":"6","offset_block_top":"0","image":"shopify:\/\/shop_images\/Rectangle_218.jpg","item_product_1":"asos-hi-leg-hi-shine-body","item_x_1":27,"item_y_1":36,"item_product_2":"asos-leanna-lace-up-satin-half-cup-moulded-underwire-bra","item_x_2":65,"item_y_2":71,"item_product_3":"","item_x_3":50,"item_y_3":50,"item_product_4":"","item_x_4":50,"item_y_4":50}},"1663352592071d1814-1":{"type":"image","settings":{"image_column":"6","offset_block_top":"0","image":"shopify:\/\/shop_images\/Rectangle_217.jpg","item_product_1":"asos-madison-lace-underwire-bra","item_x_1":45,"item_y_1":42,"item_product_2":"","item_x_2":50,"item_y_2":50,"item_product_3":"","item_x_3":50,"item_y_3":50,"item_product_4":"","item_x_4":50,"item_y_4":50}},"e33a30dd-bc2f-42c2-af72-ea53efc443be":{"type":"image","settings":{"image_column":"6","offset_block_top":"0","image":"shopify:\/\/shop_images\/Rectangle_210.jpg","item_product_1":"marie-meili-brooke-two-pack-bra","item_x_1":50,"item_y_1":50,"item_product_2":"","item_x_2":50,"item_y_2":50,"item_product_3":"","item_x_3":50,"item_y_3":50,"item_product_4":"","item_x_4":50,"item_y_4":50}}},"block_order":["1663352592071d1814-0","1663352592071d1814-1","e33a30dd-bc2f-42c2-af72-ea53efc443be"],"settings":{"container_width":"container","reset_indent":false,"section_title":"","text_title":"","inset_section":"0px 0px 0px 0px","offset_section":"0px 0px 0px 0px","bg_section":"#ffffff","carousel_view":true,"items_view":"2","show_product_list":false,"off_carousel_nav":false,"out_nav":true,"off_carousel_pag":false,"product_style":"style_1"}}},"order":["main","26c062ca-ec37-473e-b357-8a07b749936d","1662650925663bbbab","1663352157bfe06ef0","1663352597d6a8ca97","1663352592ec576ebc"]}