{"sections":{"main":{"type":"main-page","settings":{}},"template-sizechart":{"type":"template-sizechart","settings":{"code":"<div style=\"display: table; table-layout: fixed; width: 100%;\">\n  <div style=\"display: table-cell; overflow-x: auto;width: 100%;\">\n    <table width=\"100%\" class=\"custom-table\">\n      <tbody>\n      <tr>\n        <th style=\"width: 83px; text-align: center;\">\n          <div><meta charset=\"utf-8\"><\/div>\n          <span>UK\/AU\/NZ<\/span>\n        <\/th>\n        <th style=\"width: 81px; text-align: center;\">\n          <div><meta charset=\"utf-8\"><\/div>\n          <span>AT\/CH\/DE<\/span>\n        <\/th>\n        <th style=\"width: 81px; text-align: center;\">\n          <div><meta charset=\"utf-8\"><\/div>\n          <span>BE\/ES\/FR<\/span>\n        <\/th>\n        <th style=\"width: 84px; text-align: center;\">\n          <div><meta charset=\"utf-8\"><\/div>\n          <span>ITALY<\/span>\n        <\/th>\n        <th style=\"width: 84px; text-align: center;\">\n          <div><meta charset=\"utf-8\"><\/div>\n          <span>BY\/RU\/UA<\/span>\n        <\/th>\n        <th style=\"width: 98px; text-align: center;\">\n          <div><meta charset=\"utf-8\"><\/div>\n          <span>US<\/span>\n        <\/th>\n      <\/tr>\n      <tr>\n        <td style=\"width: 83px; text-align: center;\">4<\/td>\n        <td style=\"width: 81px; text-align: center;\">32<\/td>\n        <td style=\"width: 81px; text-align: center;\"><span>34<\/span><\/td>\n        <td style=\"width: 84px; text-align: center;\"><span>38<\/span><\/td>\n        <td style=\"width: 84px; text-align: center;\">36<\/td>\n        <td style=\"width: 98px; text-align: center;\">2<\/td>\n      <\/tr>\n      <tr>\n        <td style=\"width: 83px; text-align: center;\"><span>6<\/span><\/td>\n        <td style=\"width: 81px; text-align: center;\"><span>34<\/span><\/td>\n        <td style=\"width: 81px; text-align: center;\"><span>36<\/span><\/td>\n        <td style=\"width: 84px; text-align: center;\"><span>40<\/span><\/td>\n        <td style=\"width: 84px; text-align: center;\"><span>38<\/span><\/td>\n        <td style=\"width: 98px; text-align: center;\"><span>4<\/span><\/td>\n      <\/tr>\n      <tr>\n        <td style=\"width: 83px; text-align: center;\">8<\/td>\n        <td style=\"width: 81px; text-align: center;\">36<\/td>\n        <td style=\"width: 81px; text-align: center;\"><span>38<\/span><\/td>\n        <td style=\"width: 84px; text-align: center;\"><span>42<\/span><\/td>\n        <td style=\"width: 84px; text-align: center;\">40<\/td>\n        <td style=\"width: 98px; text-align: center;\">6<\/td>\n      <\/tr>\n      <tr>\n        <td style=\"width: 83px; text-align: center;\">10<\/td>\n        <td style=\"width: 81px; text-align: center;\">38<\/td>\n        <td style=\"width: 81px; text-align: center;\"><span>40<\/span><\/td>\n        <td style=\"width: 84px; text-align: center;\"><span>44<\/span><\/td>\n        <td style=\"width: 84px; text-align: center;\">42<\/td>\n        <td style=\"width: 98px; text-align: center;\">8<\/td>\n      <\/tr>\n      <tr>\n        <td style=\"width: 83px; text-align: center;\">12<\/td>\n        <td style=\"width: 81px; text-align: center;\">40<\/td>\n        <td style=\"width: 81px; text-align: center;\"><span>42<\/span><\/td>\n        <td style=\"width: 84px; text-align: center;\"><span>46<\/span><\/td>\n        <td style=\"width: 84px; text-align: center;\">44<\/td>\n        <td style=\"width: 98px; text-align: center;\">10<\/td>\n      <\/tr>\n      <tr>\n        <td style=\"width: 83px; text-align: center;\">14<\/td>\n        <td style=\"width: 81px; text-align: center;\">42<\/td>\n        <td style=\"width: 81px; text-align: center;\"><span>44<\/span><\/td>\n        <td style=\"width: 84px; text-align: center;\"><span>48<\/span><\/td>\n        <td style=\"width: 84px; text-align: center;\">46<\/td>\n        <td style=\"width: 98px; text-align: center;\"> 12<\/td>\n      <\/tr>\n      <tr>\n        <td style=\"width: 83px; text-align: center;\">16<\/td>\n        <td style=\"width: 81px; text-align: center;\">44<\/td>\n        <td style=\"width: 81px; text-align: center;\"><span>46<\/span><\/td>\n        <td style=\"width: 84px; text-align: center;\"><span>50<\/span><\/td>\n        <td style=\"width: 84px; text-align: center;\">48<\/td>\n        <td style=\"width: 98px; text-align: center;\">14<\/td>\n      <\/tr>\n      <tr>\n        <td style=\"width: 83px; text-align: center;\">22<\/td>\n        <td style=\"width: 81px; text-align: center;\">46<\/td>\n        <td style=\"width: 81px; text-align: center;\"><span>48<\/span><\/td>\n        <td style=\"width: 84px; text-align: center;\"><span>52<\/span><\/td>\n        <td style=\"width: 84px; text-align: center;\">50<\/td>\n        <td style=\"width: 98px; text-align: center;\">16<\/td>\n      <\/tr>\n      <tr>\n        <td style=\"width: 83px; text-align: center;\">24<\/td>\n        <td style=\"width: 81px; text-align: center;\">48<\/td>\n        <td style=\"width: 81px; text-align: center;\"><span>50<\/span><\/td>\n        <td style=\"width: 84px; text-align: center;\">54<\/td>\n        <td style=\"width: 84px; text-align: center;\">52<\/td>\n        <td style=\"width: 98px; text-align: center;\">22<\/td>\n      <\/tr>\n      <tr>\n        <td style=\"width: 83px; text-align: center;\">26<\/td>\n        <td style=\"width: 81px; text-align: center;\">50<\/td>\n        <td style=\"width: 81px; text-align: center;\">52<\/td>\n        <td style=\"width: 84px; text-align: center;\">56<\/td>\n        <td style=\"width: 84px; text-align: center;\">54<\/td>\n        <td style=\"width: 98px; text-align: center;\">24<\/td>\n      <\/tr>\n      <\/tbody>\n    <\/table>\n  <\/div>\n<\/div>"}}},"order":["main","template-sizechart"]}