{"sections":{"main":{"type":"main-product","blocks":{"1524829489002":{"type":"all_tab","settings":{"title":"Delivery Info","content":"","page":"terms-of-service"}},"66a177fb-db72-4eaa-8569-d9c669955756":{"type":"all_tab","settings":{"title":"Product details","content":"","page":"product-details"}},"1570618849665":{"type":"reviews","settings":{"title":"Reviews"}},"b07b8816-c948-4fec-9bb2-6e1d72fb6e3d":{"type":"pr_avalreview","settings":{"product_reviews":true,"product_available":true}},"e485b1c7-2a7b-4623-9353-349e7aaa9572":{"type":"pr_title","settings":{}},"25940a2a-5fec-4824-82fa-cc251168fbc8":{"type":"pr_price","settings":{}},"dd595c6c-50d9-4a27-ae72-1377441fa922":{"type":"pr_variant_picker","settings":{"swatch_type":"swatch_buttons","sw_c_type":"sw_bc","show_size_chart":true}},"c8222f8f-0f33-4183-802d-0a30ec77fe7b":{"type":"pr_short_descriprtion","settings":{}},"4379c5a0-a21d-42d1-9c57-54b89f7a9923":{"type":"pr_quantity_and_btn","settings":{"show_compare_button":true,"show_wishlist_button":true}},"29c1ccc3-2de2-407a-9929-ea04fcf0e23d":{"type":"pr_notify_button","settings":{}},"4e0319fa-0bfb-4227-bde5-df6747003c41":{"type":"pr_add_to_cart","settings":{"show_bit_button":true}},"8e485c64-e42e-4450-93df-6268035aec6e":{"type":"pr_info","settings":{"show_sku":true,"show_vendor":true,"show_product_types":true,"show_barcode":true,"show_weight":false,"show_tags":true,"show_collections":true}},"a7985521-618a-43a1-bc6a-53a9d1564eb9":{"type":"pr_share","settings":{}},"5cd29698-e2dd-407a-a5ca-625b640e9c42":{"type":"pr_modal_windows","settings":{"url_page":"shopify:\/\/pages\/delivery-info","url_text":"Delivery Information","svg_icon":"<svg width=\"18\" height=\"18\" viewbox=\"0 0 18 18\" fill=\"none\" xmlns=\"http:\/\/www.w3.org\/2000\/svg\">\n            <path d=\"M6.72375 13.5C6.63459 14.1257 6.32266 14.6983 5.84526 15.1125C5.36786 15.5267 4.75704 15.7547 4.125 15.7547C3.49296 15.7547 2.88214 15.5267 2.40474 15.1125C1.92734 14.6983 1.61541 14.1257 1.52625 13.5H0.75V4.5C0.75 4.30109 0.829018 4.11032 0.96967 3.96967C1.11032 3.82902 1.30109 3.75 1.5 3.75H12C12.1989 3.75 12.3897 3.82902 12.5303 3.96967C12.671 4.11032 12.75 4.30109 12.75 4.5V6H15L17.25 9.042V13.5H15.7238C15.6346 14.1257 15.3227 14.6983 14.8453 15.1125C14.3679 15.5267 13.757 15.7547 13.125 15.7547C12.493 15.7547 11.8821 15.5267 11.4047 15.1125C10.9273 14.6983 10.6154 14.1257 10.5262 13.5H6.72375ZM11.25 5.25H2.25V11.2875C2.54592 10.9854 2.91045 10.7593 3.31256 10.6283C3.71468 10.4974 4.14247 10.4656 4.55953 10.5355C4.9766 10.6055 5.37058 10.7752 5.70796 11.0302C6.04533 11.2852 6.31611 11.6179 6.49725 12H10.7528C10.8787 11.7352 11.0475 11.4945 11.25 11.2875V5.25ZM12.75 9.75H15.75V9.53625L14.244 7.5H12.75V9.75ZM13.125 14.25C13.4235 14.25 13.7097 14.1314 13.9208 13.9204C14.1318 13.7093 14.2504 13.4231 14.2504 13.1246C14.2504 12.8262 14.1318 12.5399 13.9208 12.3289C13.7097 12.1178 13.4235 11.9992 13.125 11.9992C12.8265 11.9992 12.5403 12.1178 12.3292 12.3289C12.1182 12.5399 11.9996 12.8262 11.9996 13.1246C11.9996 13.4231 12.1182 13.7093 12.3292 13.9204C12.5403 14.1314 12.8265 14.25 13.125 14.25ZM5.25 13.125C5.25 12.9773 5.2209 12.831 5.16436 12.6945C5.10783 12.558 5.02496 12.434 4.9205 12.3295C4.81603 12.225 4.69201 12.1422 4.55552 12.0856C4.41903 12.0291 4.27274 12 4.125 12C3.97726 12 3.83097 12.0291 3.69448 12.0856C3.55799 12.1422 3.43397 12.225 3.3295 12.3295C3.22504 12.434 3.14217 12.558 3.08564 12.6945C3.0291 12.831 3 12.9773 3 13.125C3 13.4234 3.11853 13.7095 3.3295 13.9205C3.54048 14.1315 3.82663 14.25 4.125 14.25C4.42337 14.25 4.70952 14.1315 4.9205 13.9205C5.13147 13.7095 5.25 13.4234 5.25 13.125Z\" fill=\"#121212\"><\/path>\n          <\/svg>","design_popup_link_type":"link"}}},"block_order":["1524829489002","66a177fb-db72-4eaa-8569-d9c669955756","1570618849665","b07b8816-c948-4fec-9bb2-6e1d72fb6e3d","e485b1c7-2a7b-4623-9353-349e7aaa9572","25940a2a-5fec-4824-82fa-cc251168fbc8","dd595c6c-50d9-4a27-ae72-1377441fa922","c8222f8f-0f33-4183-802d-0a30ec77fe7b","4379c5a0-a21d-42d1-9c57-54b89f7a9923","29c1ccc3-2de2-407a-9929-ea04fcf0e23d","4e0319fa-0bfb-4227-bde5-df6747003c41","8e485c64-e42e-4450-93df-6268035aec6e","a7985521-618a-43a1-bc6a-53a9d1564eb9","5cd29698-e2dd-407a-a5ca-625b640e9c42"],"settings":{"container_width":"container","bg_section":"#ffffff","inset_section":"0px 0px 0px 0px","offset_section":"0px 0px 0px 0px","product_view_type":"carousel-vertical","pr_image_ratio":"portrait","product_image_alignment":"top","bg_prodthumb":"#f2f3f5","use_border_thumbs":true,"use_pg_sticky":true,"product_description_type":"dropdown-content","pr_description_as":"content_tab_collapse","open_descr_collapse":false,"pg_itemview":5,"pg_spacebi":10,"pg_pag":true,"pg_nav":true,"pg_fraction":true,"pg_thumbshide":false,"pg_itembigview":3,"pg_spacebbigi":0,"pg_spacebtilei":10,"use_filter_color_thumbs":false,"pg_tileitemview":4,"use_more_image":false,"pg_simpletile":"5","pg_zoom":true,"pg_zoom_levelscale":1.5,"pg_modalgallery":true,"pg_modal_mainthumb":"rectangle","pg_modalthumb_w":68,"pg_modalthumb_h":85}},"16377682719b0ba9ac":{"type":"index-divider","settings":{"section_view":"container","type_value":"vw","padding_top":0,"padding_bottom":0,"padding_top_vw":3.5,"padding_bottom_vw":3.4,"margin_top":0,"margin_bottom":0,"background_color":"","tablet_padding_top":20,"tablet_padding_bottom":20,"tablet_margin_top":0,"tablet_margin_bottom":0}},"section-product-recommendations":{"type":"section-product-recommendations","settings":{"container_width":"container","bg_section":"#ffffff","inset_section":"0px 0px 0px 0px","offset_section":"0px 0px 0px 0px","max_limit":10,"related_type":"recommendations","related_title":"You may also like"}}},"order":["main","16377682719b0ba9ac","section-product-recommendations"]}