{"sections":{"165131577994116a8a":{"type":"index-banners","blocks":{"1651315779ce1f7f7f-0":{"type":"banner","settings":{"image":"shopify:\/\/shop_images\/img_03.png","width":"12","banner_style":"overlay","off_overlay_mobile":false,"use_bgb":false,"bgb_color":"","bgb_color_opacity":0.5,"inset_block":"0 0 0 0","use_bottom_offset_mobile":true,"margin_bottom":30,"use_bgo":false,"bg_color":"","bg_color_opacity":0.5,"inverted":false,"h_cpos":"start","v_cpos":"start","reverse_cpos":"flex-column","textalign_pos":"left","item_title":"","color_title":"#121212","item_subtitle":"","color_subtitle":"#121212","item_text":"","color_text":"#797b7e","custom_heading":"","color_ch":"#797b7e","caption_size":"medium","inset_caption":"6% 7% 6% 7%","item_link":"shopify:\/\/collections\/earrings","link_text":"","link_type_banner":true,"btn_style":"btn-primary","btn_size":"btn-md","margin_title":22,"margin_text":15,"margin_btn":35,"custom_class":""}}},"block_order":["1651315779ce1f7f7f-0"],"settings":{"section_title":"","desc":"","container_width":"full-width","reset_indent":false,"bg_section":"#ffffff","inset_section":"0px 0px 0px 0px","offset_section":"0px 0px 0px 0px"}},"1627899736175f45d2":{"type":"index-divider","settings":{"section_view":"container","type_value":"px","padding_top":69,"padding_bottom":0,"padding_top_vw":0,"padding_bottom_vw":0,"margin_top":0,"margin_bottom":0,"background_color":"","tablet_padding_top":26,"tablet_padding_bottom":24,"tablet_margin_top":0,"tablet_margin_bottom":0}},"1651315817baf03ff7":{"type":"index-custom-content","blocks":{"e80b9a3b-3bf3-4971-8807-31771c83bac6":{"type":"html","settings":{"custom_class":"","code":"<div class=\"container container-md text-center block-section_custom_text\">\n\t<p style=\"font-weight:400;color:#797B7E;\" class=\"custom_text mb-3\">\n\t\tVENDY STORE\n\t<\/p>\n\t<p class=\"h5\">Our Fashion store delivers a stylish and current collection of men and women’s apparel, sourced from modern international brands.<\/p>\n\t<a href=\"\/pages\/about-us\" class=\"link link-primary mt-3\">read more about us<\/a>\n<\/div>","width":"100%"}}},"block_order":["e80b9a3b-3bf3-4971-8807-31771c83bac6"],"settings":{"custom_class":"","container_width":"container","reset_indent":false,"inset_section":"0px 0px 0px 0px","offset_section":"0px 0px 0px 0px","bg_section":"#ffffff","use_bg_grad2":false,"title":"","inverted":false}},"162789983429f786d4":{"type":"index-divider","settings":{"section_view":"container","type_value":"px","padding_top":1,"padding_bottom":0,"padding_top_vw":0,"padding_bottom_vw":0,"margin_top":65,"margin_bottom":0,"background_color":"#e1e2e4","tablet_padding_top":1,"tablet_padding_bottom":0,"tablet_margin_top":0,"tablet_margin_bottom":0}},"16278999588811e107":{"type":"index-divider","settings":{"section_view":"container","type_value":"px","padding_top":64,"padding_bottom":0,"padding_top_vw":4.5,"padding_bottom_vw":4.5,"margin_top":0,"margin_bottom":0,"background_color":"","tablet_padding_top":40,"tablet_padding_bottom":40,"tablet_margin_top":0,"tablet_margin_bottom":0}},"16514782949fc758cf":{"type":"index-featured-products","blocks":{"16514782947b0c9c5c-0":{"type":"collection_tab","settings":{"section_title":"","block_collection_title":"","block_collection":"handbag","product_card_reviews":false,"badge_card_toggle":false,"product_card_options":false,"opt_type":"btn","product_card_vendor":false,"image_ratio":"portrait-thumb","show_secondary_image":false,"image_padding":0,"bg_wrap_img_color":"","bg_img_color":"#f2f3f5"}}},"block_order":["16514782947b0c9c5c-0"],"settings":{"section_title":"","section_subtitle":"","container_width":"container-lg","bg_section":"#ffffff","inset_section":"0px 0px 0px 0px","offset_section":"0px 0px 0px 0px","reset_indent":false,"use_tabs":false,"all_view":false,"products_count":"6","column_item":"50%","carousel_view":true,"centeredSlides":false,"products_view":"3.5","blockAlign":"right","off_carousel_nav":true,"off_carousel_pag":true,"carousel_control_type":"pagination","design_type":"type_1"}},"162789991534a793f2":{"type":"index-divider","settings":{"section_view":"container","type_value":"px","padding_top":94,"padding_bottom":0,"padding_top_vw":0,"padding_bottom_vw":0,"margin_top":0,"margin_bottom":0,"background_color":"","tablet_padding_top":29,"tablet_padding_bottom":29,"tablet_margin_top":0,"tablet_margin_bottom":0}},"1651482866bfacef55":{"type":"index-banners","blocks":{"165148286624b0845e-0":{"type":"banner","settings":{"image":"shopify:\/\/shop_images\/img_10.png","width":"6","banner_style":"overlay","off_overlay_mobile":false,"use_bgb":false,"bgb_color":"","bgb_color_opacity":0.5,"inset_block":"0 0 0 0","use_bottom_offset_mobile":true,"margin_bottom":30,"use_bgo":false,"bg_color":"","bg_color_opacity":0.5,"inverted":false,"h_cpos":"start","v_cpos":"end","reverse_cpos":"flex-column","textalign_pos":"left","item_title":"<p>New in this week<\/p>","color_title":"#ffffff","item_subtitle":"<p>ORIGINAL COLLECTION<\/p>","color_subtitle":"#ffffff","item_text":"<p>Sale up to 50% off!<\/p>","color_text":"#ffffff","custom_heading":"","color_ch":"#797b7e","caption_size":"small","inset_caption":"0% 7% 6% 7%","item_link":"shopify:\/\/collections\/new-in","link_text":"shop now","link_type_banner":false,"btn_style":"btn-alternate","btn_size":"btn-md","margin_title":23,"margin_text":15,"margin_btn":33,"custom_class":""}},"165148286624b0845e-1":{"type":"banner","settings":{"image":"shopify:\/\/shop_images\/img_11.png","width":"6","banner_style":"overlay","off_overlay_mobile":false,"use_bgb":false,"bgb_color":"","bgb_color_opacity":0.5,"inset_block":"0 0 0 0","use_bottom_offset_mobile":true,"margin_bottom":30,"use_bgo":false,"bg_color":"","bg_color_opacity":0.5,"inverted":false,"h_cpos":"start","v_cpos":"end","reverse_cpos":"flex-column","textalign_pos":"left","item_title":"<p>Up to 40% off <\/p><p>on all items<\/p>","color_title":"#121212","item_subtitle":"<p>Belt bags<\/p>","color_subtitle":"#121212","item_text":"","color_text":"#797b7e","custom_heading":"","color_ch":"#797b7e","caption_size":"small","inset_caption":"6% 7% 6% 7%","item_link":"shopify:\/\/collections\/coats-jackets","link_text":"Shop now","link_type_banner":false,"btn_style":"btn-primary","btn_size":"btn-md","margin_title":22,"margin_text":15,"margin_btn":35,"custom_class":""}}},"block_order":["165148286624b0845e-0","165148286624b0845e-1"],"settings":{"section_title":"","desc":"","container_width":"container-fluid","reset_indent":false,"bg_section":"#ffffff","inset_section":"0px 0px 0px 0px","offset_section":"0px 0px 0px 0px"}},"162789999412c565b2":{"type":"index-divider","settings":{"section_view":"container","type_value":"vw","padding_top":0,"padding_bottom":0,"padding_top_vw":4.5,"padding_bottom_vw":4.5,"margin_top":0,"margin_bottom":0,"background_color":"","tablet_padding_top":26,"tablet_padding_bottom":26,"tablet_margin_top":0,"tablet_margin_bottom":0}},"16514834656833e740":{"type":"index-banners","blocks":{"1651483465c9622ba4-0":{"type":"banner","settings":{"image":"shopify:\/\/shop_images\/img_09.png","width":"6","banner_style":"overlay","off_overlay_mobile":false,"use_bgb":false,"bgb_color":"","bgb_color_opacity":0.5,"inset_block":"0 0 0 0","use_bottom_offset_mobile":true,"margin_bottom":30,"use_bgo":false,"bg_color":"","bg_color_opacity":0.5,"inverted":false,"h_cpos":"center","v_cpos":"center","reverse_cpos":"flex-column","textalign_pos":"center","item_title":"<p>Leather bags<\/p>","color_title":"#121212","item_subtitle":"<p>Explore the new Range<\/p>","color_subtitle":"#121212","item_text":"","color_text":"#797b7e","custom_heading":"","color_ch":"#797b7e","caption_size":"medium","inset_caption":"6% 7% 6% 7%","item_link":"shopify:\/\/collections\/earrings","link_text":"Shop now","link_type_banner":false,"btn_style":"btn-primary","btn_size":"btn-md","margin_title":24,"margin_text":15,"margin_btn":39,"custom_class":""}},"1651483465c9622ba4-1":{"type":"banner","settings":{"image":"shopify:\/\/shop_images\/img_08.png","width":"6","banner_style":"standard","off_overlay_mobile":false,"use_bgb":false,"bgb_color":"","bgb_color_opacity":0.5,"inset_block":"0 40px 0","use_bottom_offset_mobile":true,"margin_bottom":30,"use_bgo":false,"bg_color":"","bg_color_opacity":0.5,"inverted":false,"h_cpos":"center","v_cpos":"center","reverse_cpos":"flex-column-reverse","textalign_pos":"center","item_title":"<p>New in this week<\/p>","color_title":"#121212","item_subtitle":"<p>50% off everything<\/p>","color_subtitle":"#505152","item_text":"","color_text":"#797b7e","custom_heading":"","color_ch":"#797b7e","caption_size":"small","inset_caption":"0 0 28px 0","item_link":"shopify:\/\/collections\/earrings","link_text":"","link_type_banner":true,"btn_style":"btn-primary","btn_size":"btn-md","margin_title":15,"margin_text":15,"margin_btn":35,"custom_class":""}}},"block_order":["1651483465c9622ba4-0","1651483465c9622ba4-1"],"settings":{"section_title":"","desc":"","container_width":"container","reset_indent":false,"bg_section":"#ffffff","inset_section":"0px 0px 0px 0px","offset_section":"0px 0px 0px 0px"}},"1627900045d25f9b47":{"type":"index-divider","settings":{"section_view":"container","type_value":"vw","padding_top":0,"padding_bottom":0,"padding_top_vw":4.5,"padding_bottom_vw":4.5,"margin_top":0,"margin_bottom":0,"background_color":"","tablet_padding_top":0,"tablet_padding_bottom":0,"tablet_margin_top":0,"tablet_margin_bottom":0}},"1651484191d7dcbf21":{"type":"index-image-with-text-overlay","blocks":{"1651484191eeb98f0c-0":{"type":"heading_h6","settings":{"heading_h6":"<p>News & trends<\/p>","color":"#121212","inset_block":"0 0 0 0","offset_block":"0 0 0 0","use_bgi":false,"bgc_color":"","bgc_color_opacity":0.5,"title_animation":"none"}},"eedb2195-7cf2-4529-b187-5505a2d16ed4":{"type":"heading_h2","settings":{"heading_h2":"<p>Best price,<br\/>best selection!<\/p>","color":"#121212","font_weight":"400","indent_block":"0","inset_block":"0 0 0 0","offset_block":"31px 0 0 0","use_bgi":false,"bgc_color":"","bgc_color_opacity":0.5,"title_animation":"none"}},"acef787f-d70c-4488-82ab-19e247f1bb02":{"type":"text","settings":{"text":"<p>Get up to 20% off on New Arrivals<\/p>","text_size":"medium","color":"#121212","inset_block":"0 0 0 0","offset_block":"13px 0 0 0","use_bgc":false,"bgc_color":"","bgc_color_opacity":0.5}},"9e28d371-d707-4836-b5dc-d18701abdc46":{"type":"button","settings":{"button_label":"shop now","button_link":"shopify:\/\/collections\/bracelets","use_button":true,"btn_style":"btn-primary","btn_size":"btn-md","offset_block":"44px 0 0 0"}}},"block_order":["1651484191eeb98f0c-0","eedb2195-7cf2-4529-b187-5505a2d16ed4","acef787f-d70c-4488-82ab-19e247f1bb02","9e28d371-d707-4836-b5dc-d18701abdc46"],"settings":{"container_width":"full-width","inset_section":"0px 0px 0px 0px","offset_section":"0px 0px 0px 0px","bg_section":"#ffffff","padding_desktop":350,"padding_mobile":175,"image":"shopify:\/\/shop_images\/img_07.png","bg_pos_mobile":50,"use_bgo":false,"bg_color":"","bg_color_opacity":0.5,"parallax":false,"padding_parallax_desktop":500,"bg_animation":"none","caption_align":"center","text_align":"center","vertical_alignment":"center","inverted":false,"use_bgc":false,"caption_bg_color":"","caption_bg_color_opacity":0.5,"inset_caption":"6% 7% 6% 7%","offset_caption":"0 0 0 0","caption_animation":"none"}},"16279000732d0d0a44":{"type":"index-divider","settings":{"section_view":"container","type_value":"px","padding_top":100,"padding_bottom":30,"padding_top_vw":0,"padding_bottom_vw":0,"margin_top":0,"margin_bottom":0,"background_color":"","tablet_padding_top":30,"tablet_padding_bottom":30,"tablet_margin_top":0,"tablet_margin_bottom":0}},"16514874192af444c7":{"type":"index-banners","blocks":{"16514874195fdbb3a7-0":{"type":"banner","settings":{"image":"shopify:\/\/shop_images\/img_04_b7e42b89-bbab-4bfa-b7e4-f39e50313e8e.png","width":"4","banner_style":"overlay","off_overlay_mobile":false,"use_bgb":false,"bgb_color":"","bgb_color_opacity":0.5,"inset_block":"0 0 0 0","use_bottom_offset_mobile":true,"margin_bottom":30,"use_bgo":false,"bg_color":"","bg_color_opacity":0.5,"inverted":false,"h_cpos":"center","v_cpos":"center","reverse_cpos":"flex-column","textalign_pos":"center","item_title":"<p>Up to 40% off <\/p><p>on all items<\/p>","color_title":"#ffffff","item_subtitle":"<p>Denim Perfect<\/p>","color_subtitle":"#ffffff","item_text":"","color_text":"#797b7e","custom_heading":"","color_ch":"#797b7e","caption_size":"small","inset_caption":"6% 7% 6% 7%","item_link":"shopify:\/\/collections\/coats-jackets","link_text":"Shop now","link_type_banner":false,"btn_style":"btn-alternate","btn_size":"btn-sm","margin_title":23,"margin_text":15,"margin_btn":28,"custom_class":""}},"16514874195fdbb3a7-1":{"type":"banner","settings":{"image":"shopify:\/\/shop_images\/img_05_5a5e090f-07f7-44f4-9e3f-277aa7f303f7.png","width":"4","banner_style":"overlay","off_overlay_mobile":false,"use_bgb":false,"bgb_color":"","bgb_color_opacity":0.5,"inset_block":"0 0 0 0","use_bottom_offset_mobile":true,"margin_bottom":30,"use_bgo":false,"bg_color":"","bg_color_opacity":0.5,"inverted":false,"h_cpos":"center","v_cpos":"center","reverse_cpos":"flex-column","textalign_pos":"center","item_title":"<p>New instant <\/p><p>classic beats<\/p>","color_title":"#ffffff","item_subtitle":"<p>Exclusive scollection<\/p>","color_subtitle":"#ffffff","item_text":"","color_text":"#797b7e","custom_heading":"","color_ch":"#797b7e","caption_size":"small","inset_caption":"0 0 0 0","item_link":"shopify:\/\/collections\/coats-jackets","link_text":"Shop now","link_type_banner":false,"btn_style":"btn-alternate","btn_size":"btn-sm","margin_title":23,"margin_text":15,"margin_btn":28,"custom_class":""}},"e59b694a-f75b-4c57-b44e-fd2bf9fca35d":{"type":"banner","settings":{"image":"shopify:\/\/shop_images\/img_06_ca089d2f-4974-4631-a5f7-d67f85b50eb7.png","width":"4","banner_style":"overlay","off_overlay_mobile":false,"use_bgb":false,"bgb_color":"","bgb_color_opacity":0.5,"inset_block":"0 0 0 0","use_bottom_offset_mobile":true,"margin_bottom":30,"use_bgo":false,"bg_color":"","bg_color_opacity":0.5,"inverted":false,"h_cpos":"center","v_cpos":"center","reverse_cpos":"flex-column","textalign_pos":"center","item_title":"<p>Get up to 20% off <\/p><p>on new arrivals<\/p>","color_title":"#ffffff","item_subtitle":"<p>New in this week<\/p>","color_subtitle":"#ffffff","item_text":"","color_text":"#797b7e","custom_heading":"","color_ch":"#797b7e","caption_size":"small","inset_caption":"0 0 0 0","item_link":"shopify:\/\/collections\/bracelets","link_text":"Shop now","link_type_banner":false,"btn_style":"btn-alternate","btn_size":"btn-sm","margin_title":23,"margin_text":15,"margin_btn":28,"custom_class":""}}},"block_order":["16514874195fdbb3a7-0","16514874195fdbb3a7-1","e59b694a-f75b-4c57-b44e-fd2bf9fca35d"],"settings":{"section_title":"","desc":"","container_width":"full-width","reset_indent":true,"bg_section":"#ffffff","inset_section":"0px 0px 0px 0px","offset_section":"0px 0px 0px 0px"}},"16279001246ad508f4":{"type":"index-divider","settings":{"section_view":"container","type_value":"vw","padding_top":0,"padding_bottom":0,"padding_top_vw":4.5,"padding_bottom_vw":4.5,"margin_top":0,"margin_bottom":0,"background_color":"","tablet_padding_top":30,"tablet_padding_bottom":30,"tablet_margin_top":0,"tablet_margin_bottom":0}},"1651488324478c84a2":{"type":"index-blog-articles","settings":{"container_width":"container","reset_indent":false,"inset_section":"0px 0px 0px 0px","offset_section":"0px 0px 0px 0px","bg_section":"#ffffff","section_title":"<p>Fresh news <\/p><p>from our blog<\/p>","item_text":"","show_view_all":false,"style":"type_h_2","section_blog":"fresh-news","post_layout":"grid","textalign_pos":"left","column_item":"33%","section_blog_limit":"4","blog_image_ratio":"adapt","blog_show_info":true,"blog_show_author":false,"blog_show_date":true,"show_comments":false,"blog_show_tags":true,"caption_absolute":false,"blog_caption_position":"center","inset_caption":"0","inverted":false,"desc_none":true,"hide_img":false,"link_style":"link","use_blog_image_overlay":false,"blog_image_color":"","blog_image_color_opacity":0.5,"carousel_view":true,"post_view":"3","off_carousel_nav":false,"off_carousel_pag":false,"carousel_control_type":"pagination"}}},"order":["165131577994116a8a","1627899736175f45d2","1651315817baf03ff7","162789983429f786d4","16278999588811e107","16514782949fc758cf","162789991534a793f2","1651482866bfacef55","162789999412c565b2","16514834656833e740","1627900045d25f9b47","1651484191d7dcbf21","16279000732d0d0a44","16514874192af444c7","16279001246ad508f4","1651488324478c84a2"]}