{"sections":{"main":{"type":"template-collections-listing","blocks":{"db14814e-a3d8-4e47-88c3-c61cd0154aad":{"type":"image","settings":{"image":"shopify:\/\/shop_images\/edc-by-esprit-womens-crew-neck-short-sleeve-t-shirt_3.png","collection":"accessories","custom_collection_class":""}},"c0e7e9c5-50bb-4f8b-a245-954254146c1e":{"type":"image","settings":{"image":"shopify:\/\/shop_images\/michael-stars-womens-short-sleeve-off-shoulder-dolman-shirt_5.png","collection":"clothing","custom_collection_class":""}},"2d843fd0-a89f-45f2-b4e5-860577b2ba52":{"type":"image","settings":{"image":"shopify:\/\/shop_images\/only-and-sons-mens-long-sleeve-coat_5.png","collection":"coats-jackets","custom_collection_class":""}},"ca1e5bdc-9ba4-40c8-b8d9-fa1688cc4263":{"type":"image","settings":{"image":"shopify:\/\/shop_images\/esprit-mens-long-sleeve-jacket_3.png","collection":"mens","custom_collection_class":""}},"ba04064d-cffe-4511-b0c6-744b248e3445":{"type":"image","settings":{"image":"shopify:\/\/shop_images\/edc-by-esprit-womens-crew-neck-short-sleeve-t-shirt_5.png","collection":"new-in","custom_collection_class":""}},"a1844590-a83a-4e7d-a4b2-96322824585a":{"type":"image","settings":{"image":"shopify:\/\/shop_images\/michael-stars-womens-short-sleeve-off-shoulder-dolman-shirt_3.png","collection":"sale","custom_collection_class":""}},"40a1f77f-af16-4997-a1df-49edcc5ee2f0":{"type":"image","settings":{"image":"shopify:\/\/shop_images\/ltb-jeans-womens-50201-valentine-straight-leg-jeans_1.png","collection":"shoes","custom_collection_class":""}},"14d80bc1-7e8b-4c0b-8430-28012e0fc74c":{"type":"image","settings":{"image":"shopify:\/\/shop_images\/three-dots-womens-3i4-sleeve-v-neck_1.png","collection":"womens","custom_collection_class":""}}},"block_order":["db14814e-a3d8-4e47-88c3-c61cd0154aad","c0e7e9c5-50bb-4f8b-a245-954254146c1e","2d843fd0-a89f-45f2-b4e5-860577b2ba52","ca1e5bdc-9ba4-40c8-b8d9-fa1688cc4263","ba04064d-cffe-4511-b0c6-744b248e3445","a1844590-a83a-4e7d-a4b2-96322824585a","40a1f77f-af16-4997-a1df-49edcc5ee2f0","14d80bc1-7e8b-4c0b-8430-28012e0fc74c"],"settings":{"page_description":"","size":"3","style":"type_1","caption_bg_color":"#121212","image_ratio":"portrait","caption_bg_color_opacity":1,"inverted":true,"img_alignment":"center"}}},"order":["main"]}