{"sections":{"template-password":{"type":"template-password","settings":{"logo":"","header":"We are not ready yet","message":"Our store will be available soon","bg_image":"","password_label":"Enter store using password:","newslatter_form":true,"social_menu":true,"social_fb":"https:\/\/www.facebook.com\/Jetimpex","social_tw":"https:\/\/twitter.com\/jetimpex","social_inst":"https:\/\/www.instagram.com\/jetimpex\/","social_pin":"","social_gplus":"","social_yt":"https:\/\/www.youtube.com\/channel\/UC-r8ibC10MAdgw5AAmQZbYQ"}}},"order":["template-password"]}