[{"name":"theme_info","theme_name":"Vendy","theme_author":"Zemez","theme_version":"4.2.3","theme_documentation_url":"https:\/\/documentation.zemez.io\/shopify\/documentation\/index.php?project=vendy","theme_support_email":"info@zemez.io"},{"name":"Typography","settings":[{"type":"header","content":"Base font"},{"type":"font_picker","id":"type_base_font","label":"Font family","default":"work_sans_n6"},{"type":"range","id":"base_font_size","label":"Font size","min":12,"max":18,"step":1,"unit":"px","default":16},{"type":"color","id":"base_font_color","label":"Main color","default":"#000000"},{"type":"header","content":"Base font Second"},{"type":"header","content":"Heading font"},{"type":"font_picker","id":"type_heading_font_h1","label":"Heading H1 Font family","default":"work_sans_n6"},{"type":"range","id":"heading_font_size_h1","label":"Font size (H1)","min":56,"max":72,"step":1,"unit":"px","default":72},{"type":"range","id":"heading_font_weight_h1","min":300,"max":900,"step":100,"label":"Font weight H1","default":400,"info":"The boldness of the font depends on the selected font type."},{"type":"font_picker","id":"type_heading_font","label":"Heading Font family","default":"work_sans_n6"},{"type":"range","id":"heading_font_size_h2","label":"Font size (H2)","min":42,"max":60,"step":1,"unit":"px","default":56},{"type":"range","id":"heading_font_size","label":"Font size (H3)","min":30,"max":48,"step":1,"unit":"px","default":44},{"type":"range","id":"heading_font_size_h4","label":"Font size (H4)","min":24,"max":34,"step":1,"unit":"px","default":32},{"type":"range","id":"heading_font_size_h5","label":"Font size (H5)","min":20,"max":26,"step":1,"unit":"px","default":24},{"type":"range","id":"heading_font_size_h6","label":"Font size (H6)","min":15,"max":18,"step":1,"unit":"px","default":16},{"type":"color","id":"heading_font_color","label":"Heading color","default":"#000000"},{"type":"range","id":"heading_font_weight","min":300,"max":900,"step":100,"label":"Font weight (H2-H6)","default":400,"info":"The boldness of the font depends on the selected font type."},{"type":"font_picker","id":"type_large_font","label":"Font family for Custom large","default":"work_sans_n6"},{"type":"range","id":"custom_large_font_size","label":"Font size (Custom large). Used class: custom_large_title","min":72,"max":200,"step":2,"unit":"px","default":120},{"type":"range","id":"custom_large_font_weight","min":300,"max":900,"step":100,"label":"Font weight Custom large","default":400,"info":"The boldness of the font depends on the selected font type."}]},{"name":"Colors","settings":[{"type":"header","content":"Page colors"},{"type":"color","id":"body_background_color","label":"Page background color","default":"#ffffff"},{"type":"color","id":"body_color","label":"Page main color","default":"#888888"},{"type":"color","id":"border_color","label":"Border color","default":"#ECECEC"},{"type":"header","content":"Form fields"},{"type":"color","id":"color_text_field_text","label":"Text","default":"#000000"},{"type":"color","id":"color_text_field_border","label":"Borders","default":"#cccccc"},{"type":"color","id":"color_text_field","label":"Background","default":"#ffffff"},{"type":"header","content":"Main colors"},{"type":"color","id":"color_primary","label":"Color primary"},{"type":"color","id":"color_secondary","label":"Color secondary"},{"type":"header","content":"Links"},{"type":"color","id":"links_color","label":"Links color","default":"#000000"},{"type":"color","id":"links_color_hover","label":"Links hover color","default":"#777777"},{"type":"header","content":"Product name"},{"type":"color","id":"product_name_color","label":"Color #1","default":"#000000"},{"type":"color","id":"product_name_color_hover","label":"Hover color #1","default":"#777777"},{"type":"header","content":"Product price"},{"type":"color","id":"product_price_color","label":"Price Color","default":"#000000"},{"type":"color","id":"product_regular_price_color","label":"Regular color","default":"#000000"},{"type":"color","id":"product_price_sale_color","label":"Sale color","default":"#000000"},{"type":"header","content":"Additional colors"},{"type":"color","id":"color_white","label":"Color white","default":"#ffffff"},{"type":"color","id":"color_black","label":"Color black","default":"#000000"},{"type":"color","id":"color_grey_1","label":"Color #1"},{"type":"color","id":"color_grey_2","label":"Color #2"},{"type":"color","id":"color_grey_3","label":"Color #3"},{"type":"color","id":"color_grey_4","label":"Color #4"},{"type":"color","id":"color_grey_5","label":"Color #5"},{"type":"color","id":"color_grey_6","label":"Color #6"},{"type":"header","content":"Alerts colors "},{"type":"color","id":"color_success","label":"Color success","default":"#E2F6EA"},{"type":"color","id":"color_icon_success","label":"Color icon success","default":"#10B753"},{"type":"color","id":"color_info","label":"Color info","default":"#EDEFFF"},{"type":"color","id":"color_icon_info","label":"Color icon info","default":"#5060C9"},{"type":"color","id":"color_warning","label":"Color warning","default":"#FFF5BB"},{"type":"color","id":"color_icon_warning","label":"Color icon warning","default":"#FDA828"},{"type":"color","id":"color_danger","label":"Color danger","default":"#FEF1F0"},{"type":"color","id":"color_icon_danger","label":"Color icon danger","default":"#F34235"},{"type":"header","content":"Default Button"},{"type":"color","id":"button_background_color","label":"Button background color"},{"type":"color","id":"button_text_color","label":"Button text color"},{"type":"color","id":"button_border_color","label":"Button border color"},{"type":"paragraph","content":"Button hover"},{"type":"color","id":"button_hover_background_color","label":"Button background color"},{"type":"color","id":"button_hover_text_color","label":"Button text color"},{"type":"color","id":"button_hover_border_color","label":"Button border color"},{"type":"header","content":"Primary button"},{"type":"color","id":"primary_button_background_color","label":"Button background color"},{"type":"color","id":"primary_button_text_color","label":"Button text color"},{"type":"color","id":"primary_button_border_color","label":"Button border color"},{"type":"paragraph","content":"Button hover"},{"type":"color","id":"primary_button_hover_background_color","label":"Button hover color"},{"type":"color","id":"primary_button_hover_text_color","label":"Button hover text color"},{"type":"color","id":"primary_button_hover_border_color","label":"Button hover border color"},{"type":"header","content":"Secondary button"},{"type":"color","id":"secondary_button_background_color","label":"Button background color"},{"type":"color","id":"secondary_button_text_color","label":"Button text color"},{"type":"color","id":"secondary_button_border_color","label":"Button border color"},{"type":"paragraph","content":"Button hover"},{"type":"color","id":"secondary_button_hover_background_color","label":"Button hover color"},{"type":"color","id":"secondary_button_hover_text_color","label":"Button hover text color"},{"type":"color","id":"secondary_button_hover_border_color","label":"Button hover border color"},{"type":"header","content":"Alternate Button"},{"type":"color","id":"alternate_button_background_color","label":"Button background color"},{"type":"color","id":"alternate_button_text_color","label":"Button text color"},{"type":"color","id":"alternate_button_border_color","label":"Button border color"},{"type":"paragraph","content":"Button hover"},{"type":"color","id":"alternate_button_hover_background_color","label":"Button background color"},{"type":"color","id":"alternate_button_hover_text_color","label":"Button text color"},{"type":"color","id":"alternate_button_hover_border_color","label":"Button border color"},{"type":"header","content":"Gradient settings (apply for elements are in file 'component-gradient.css')"},{"type":"checkbox","id":"use_lg","label":"Use linear gradient","default":false},{"type":"range","id":"rout_deg","label":"Direction gradient (from 0deg to 360deg)","min":0,"max":360,"step":10,"unit":"deg","default":90},{"type":"color","id":"grad_color_1","label":"Color 1","default":"#64ecf5"},{"type":"range","id":"start_color1","label":"Start gradient color 1 (%)","min":0,"max":100,"step":1,"unit":"%","default":0},{"type":"color","id":"grad_color_2","label":"Color 2","default":"#1cebbc"},{"type":"range","id":"end_color2","label":"End gradient color 2 (%)","min":0,"max":100,"step":1,"unit":"%","default":100},{"type":"header","content":"Gradient type 2 settings (apply for elements are in file 'component-gradient.css')"},{"type":"range","id":"rout2_deg","label":"Direction gradient (from 0deg to 360deg)","min":0,"max":360,"step":10,"unit":"deg","default":90},{"type":"color","id":"grad2_color_1","label":"Color 1","default":"#E3FDFF"},{"type":"range","id":"start2_color1","label":"Start gradient color 1 (%)","min":0,"max":100,"step":1,"unit":"%","default":0},{"type":"color","id":"grad2_color_2","label":"Color 2","default":"#E3FDF7"},{"type":"range","id":"end2_color2","label":"End gradient color 2 (%)","min":0,"max":100,"step":1,"unit":"%","default":100}]},{"name":"Favicon","settings":[{"type":"image_picker","id":"favicon","label":"Favicon image","info":"Will be scaled down to 32 x 32px"}]},{"name":"Breadcrumbs","settings":[{"type":"checkbox","id":"use_breadcrumbs","label":"Enable or disable breadcrumbs","default":true},{"type":"checkbox","id":"use_bg_breadcrumbs","label":"Use or not background breadcrumbs","default":true},{"type":"checkbox","id":"use_full_bg_breadcrumbs","label":"Use or not full background breadcrumbs","default":true},{"type":"color","id":"bg_breadcrumbs_color","label":"Background color","default":"#F2F3F5"},{"type":"color","id":"breadcrumbs_color","label":"Color breadcrumbs","default":"#797b7e"},{"type":"color","id":"breadcrumbs_color_active","label":"Color active breadcrumbs","default":"#121212"}]},{"name":"Animation","settings":[{"type":"checkbox","id":"pageAnimation","label":"Enable or disable animation","default":true}]},{"name":"Currencies Selector Settings","settings":[{"type":"paragraph","content":"How to enable [shopify multiple currencies](https:\/\/help.shopify.com\/en\/manual\/payments\/shopify-payments\/multi-currency\/setup)?"}]},{"name":"Sidebar","settings":[{"type":"header","content":"Sidebar"},{"type":"paragraph","content":"Show sidebar on search, collection listing, wishlist, gift_card, other page (unless collection pages, article, blog. This pages have custom sidebar)."},{"type":"checkbox","id":"sidebar_toggle","label":"Show sidebar"},{"type":"radio","id":"sidebar_position","options":[{"value":"sidebar_left","label":"Left position"},{"value":"sidebar_right","label":"Right position"}]}]},{"name":"Compare","settings":[{"type":"checkbox","id":"show_compare","label":"Use compare products","default":true},{"type":"checkbox","id":"use_compare_size","label":"Use compare by size","default":true},{"type":"text","id":"text_pr_size_option","label":"Size name option","default":"Size"},{"type":"checkbox","id":"use_compare_color","label":"Use compare by color","default":true},{"type":"text","id":"text_pr_color_option","label":"Color name option","default":"Color"},{"type":"paragraph","content":"The names in the option fields must match the name of the option in the product admin panel"}]},{"name":"Smart Search & Filter","settings":[{"type":"header","content":"Enjoy Smart Search and Filter App for 14 days free!"},{"type":"paragraph","content":"Boost your conversion with the most popular Shopify search app"},{"type":"paragraph","content":"[Install Smart Search & Filter by Searchanise](https:\/\/searchanise.io?fpr=zemez17)"}]},{"name":"Wishlist","settings":[{"type":"checkbox","id":"wishlist_toggle","label":"Enable wishlist"},{"type":"page","id":"wishlist_page","label":"Choose wishlist page"},{"type":"header","content":"Your Access Key:"},{"type":"paragraph","content":"l8WBOeRY36yI87MRv"},{"type":"paragraph","content":"[Install ZEMEZ Wihslist](http:\/\/prestashop7.devoffice.com\/shopify)"}]},{"name":"Pages & Layout","settings":[{"type":"header","content":"Layout Max Width"},{"type":"range","id":"maxwidth","label":"Desktop Box Max Width (>1140px)","min":1140,"max":1880,"step":10,"unit":"px","default":1260,"info":"Include width of padding"},{"type":"range","id":"spacer","label":"Desktop Space for Container and column (max 50px)","min":10,"max":50,"step":10,"unit":"px","default":30},{"type":"checkbox","id":"use_custom_container_only_index","label":"Use custom container only index (Home) page","default":true},{"type":"header","content":"Header Layout"},{"type":"select","id":"header_layout","label":"Header Layout","options":[{"value":"1","label":"Header Default (6 types)"},{"value":"2","label":"Header Sidebar"}]},{"type":"header","content":"RTL direction"},{"type":"header","content":"Footer Layout"},{"type":"select","id":"footer_type","label":"Footer Type","options":[{"value":"1","label":"Type #1"},{"value":"2","label":"Type #2"},{"value":"3","label":"Type #3"},{"value":"4","label":"Type #4"},{"value":"5","label":"Type #5"}]},{"type":"header","content":"RTL direction"},{"type":"checkbox","id":"rtl","label":"Use right to left direction ","default":false},{"type":"header","content":"Contact page"},{"type":"checkbox","id":"contact_map","label":"Show map on contact page","default":true},{"type":"header","content":"Password page"},{"type":"checkbox","id":"password_link_view","label":"Show a link to the password page, to customize the display of the page."},{"type":"header","content":"Preview bar"},{"type":"checkbox","id":"hide_pb_toggle","label":"Hide preview bar","default":true}]},{"name":"Security","settings":[{"type":"header","content":"Security & Protect"},{"type":"checkbox","id":"protect","label":"Protect content from copying","default":false}]},{"name":"Newsletter","settings":[{"type":"header","content":"Newsletter settings"},{"type":"header","content":"Newsletter popup"},{"type":"checkbox","id":"newsletter_popup_toggle","label":"Enable newsletter popup"},{"type":"text","id":"newsletter_popup_period","label":"Pop-up disable expiration (in days)","info":"Number of days until user will see pop-up again (after clicking 'Dont show this message again' button or successful subscription)"},{"type":"select","id":"np_type","label":"Newsletter Popup Type","options":[{"value":"1","label":"Style Type #1"},{"value":"2","label":"Style Type #2"},{"value":"3","label":"Style Type #3"}]},{"type":"paragraph","content":"For Style Type #1"},{"type":"text","id":"newsletter_popup_header_1","label":"Newsletter header","default":"Why hello there, enjoy"},{"type":"text","id":"newsletter_popup_discount_percent_1","label":"Discount percent"},{"type":"text","id":"newsletter_popup_description_1","label":"Newsletter description"},{"type":"image_picker","id":"newsletter_popup_bg_1","label":"Background image","info":"Image size 400x530px"},{"type":"paragraph","content":"For Style Type #2"},{"type":"text","id":"newsletter_popup_header_2","label":"Newsletter header","default":"Join our newsletter"},{"type":"text","id":"newsletter_popup_discount_percent_2","label":"Discount percent"},{"type":"text","id":"newsletter_popup_description_2","label":"Newsletter description"},{"type":"image_picker","id":"newsletter_popup_bg_2","label":"Background image","info":"Image size 400x530px"},{"type":"paragraph","content":"For Style Type #3"},{"type":"text","id":"newsletter_popup_header_3","label":"Newsletter header","default":"Newsletter subscription!"},{"type":"text","id":"newsletter_popup_discount_percent_3","label":"Discount percent"},{"type":"text","id":"newsletter_popup_description_3","label":"Newsletter description"},{"type":"image_picker","id":"newsletter_popup_bg_3","label":"Background image","info":"Image size 620x319px"}]},{"name":"Product card settings","settings":[{"type":"select","id":"pc_grid_style","label":"Grid product card style","options":[{"value":"grid_style_1","label":"Style Grid 1"},{"value":"grid_style_2","label":"Style Grid 2"},{"value":"grid_style_3","label":"Style Grid 3"}],"default":"grid_style_1"},{"type":"checkbox","id":"use_border_card","label":"Use border card","default":false},{"type":"paragraph","content":"Components of card"},{"type":"checkbox","id":"use_qw_modal","label":"Enable quick view modal","default":true},{"type":"checkbox","id":"product_card_reviews","label":"Show reviews","default":false},{"type":"checkbox","id":"product_card_sku","label":"Show sku","default":false},{"type":"checkbox","id":"product_card_vendor","label":"Show vendor url","default":false},{"type":"checkbox","id":"badge_card_toggle","label":"Show badge on product card","default":true},{"type":"checkbox","id":"product_card_col","label":"Show collections urls","default":false},{"type":"paragraph","content":"Card variants url"},{"type":"checkbox","id":"product_card_variants","label":"Show variants url","default":false},{"type":"text","id":"text_variant_size","label":"Text size","default":"Size"},{"type":"text","id":"text_variant_color","label":"Text color","default":"Color"},{"type":"radio","id":"variants_type_url","label":"Variant type link","options":[{"value":"only_color","label":"Only color"},{"value":"only_size","label":"Only size"},{"value":"only_size_color","label":"Only color + size"},{"value":"all","label":"All variants"}]},{"type":"text","id":"product_card_variants_limit","label":"Variants limit","default":"5"},{"type":"paragraph","content":"Switcher image by option"},{"type":"checkbox","id":"product_card_options","label":"Show switcher image card by option","default":false},{"type":"text","id":"current_text_product_option","label":"Name option","default":"Color"},{"type":"select","id":"opt_type","options":[{"value":"image","label":"Image"},{"value":"btn","label":"Button (for color - colors)"}],"default":"btn","label":"Type options"},{"type":"paragraph","content":"Image card settings"},{"type":"select","id":"image_ratio","options":[{"value":"adapt","label":"adapt"},{"value":"portrait-thumb","label":"portrait"},{"value":"square","label":"square"}],"default":"adapt","label":"image ratio"},{"type":"checkbox","id":"show_secondary_image","default":false,"label":"show secondary image by hover"},{"type":"range","id":"image_padding","label":"Add image padding","min":0,"max":30,"unit":"px","step":1,"default":0},{"type":"color","id":"bg_wrap_img_color","label":"Background wrapper image","info":"You can create color frame (or border) using padding and this options"},{"type":"color","id":"bg_img_color","label":"Background image","default":"#F2F3F5","info":"Useful, if image on product is png"}]},{"name":"Product Settings","settings":[{"type":"header","content":"Product price"},{"type":"checkbox","id":"variants_money_toggle","label":"Show variants price","default":false},{"type":"header","content":"Product badge"},{"type":"checkbox","id":"badge_toggle","label":"Show badge on product"},{"type":"text","id":"new_products_period","label":"'New' products marker","info":"Number of days for which the product is considered as \"New\""},{"type":"checkbox","id":"badge_new_toggle","label":"Show badge 'New'"},{"type":"color","id":"new_badge_color","label":"'New' badge color","default":"#394CB3"},{"type":"checkbox","id":"badge_sale_toggle","label":"Show badge 'Sale'"},{"type":"checkbox","id":"badge_sale_percent_toggle","label":"Show badge 'Percent sale'"},{"type":"color","id":"sale_badge_color","label":"'Sale' badge color","default":"#EC3F19"},{"type":"checkbox","id":"badge_outstock_toggle","label":"Show badge in outstock product"},{"type":"color","id":"outstock_badge_color","label":"'Outstock' badge color","default":"#1E222E"},{"type":"paragraph","content":"Custom badge"},{"type":"checkbox","id":"custom_badge_1_toggle","label":"Show custom badge 1"},{"type":"text","id":"custom_badge_1","label":"Custom badge 1 tag","info":"Tag of the product that must be marked"},{"type":"text","id":"custom_badge_1_text","label":"Custom badge 1 text","info":"Badge text"},{"type":"color","id":"custom_badge_1_color","label":"Custom badge 1 color","default":"#1383DF"},{"type":"checkbox","id":"custom_badge_2_toggle","label":"Show custom badge 2"},{"type":"text","id":"custom_badge_2","label":"Custom badge 2 tag","info":"Tag of the product that must be marked"},{"type":"text","id":"custom_badge_2_text","label":"Custom badge 2 text","info":"Badge text"},{"type":"color","id":"custom_badge_2_color","label":"Custom badge 2 color","default":"#1E222E"}]},{"name":"Social sharing buttons","settings":[{"type":"checkbox","id":"sharing_fb","label":"Facebook"},{"type":"checkbox","id":"sharing_tw","label":"Twitter"},{"type":"checkbox","id":"sharing_pin","label":"Pinterest"}]},{"name":"Footer Payment icons","settings":[{"type":"checkbox","id":"afterpay","label":"Afterpay"},{"type":"checkbox","id":"amazon_payments","label":"Amazon Payments"},{"type":"checkbox","id":"apple_pay","label":"Apple Pay"},{"type":"checkbox","id":"american_express","label":"American Express"},{"type":"checkbox","id":"bitcoin","label":"Bitcoin"},{"type":"checkbox","id":"dankort","label":"Dankort"},{"type":"checkbox","id":"diners_club","label":"Diners Club"},{"type":"checkbox","id":"discover","label":"Discover"},{"type":"checkbox","id":"dogecoin","label":"Dodgecoin"},{"type":"checkbox","id":"dwolla","label":"Dwolla"},{"type":"checkbox","id":"forbrugsforeningen","label":"Forbrugsforeningen"},{"type":"checkbox","id":"google_pay","label":"Google Pay"},{"type":"checkbox","id":"ideal","label":"Ideal"},{"type":"checkbox","id":"jcb","label":"JCB"},{"type":"checkbox","id":"klarna","label":"Klarna"},{"type":"checkbox","id":"klarna-pay-later","label":"Klarna pay later"},{"type":"checkbox","id":"litecoin","label":"Litecoin"},{"type":"checkbox","id":"maestro","label":"Maestro"},{"type":"checkbox","id":"master","label":"Mastercard"},{"type":"checkbox","id":"shopify_pay","label":"Shopify pay"},{"type":"checkbox","id":"sofort","label":"Sofort"},{"type":"checkbox","id":"paypal","label":"Paypal"},{"type":"checkbox","id":"visa","label":"Visa"}]},{"name":"Social link","settings":[{"type":"paragraph","content":"Facebook"},{"type":"text","id":"social_fb","label":"Facebook"},{"type":"text","id":"social_fb_text","label":"Facebook Text","default":"Facebook"},{"type":"paragraph","content":"Twitter"},{"type":"text","id":"social_tw","label":"Twitter"},{"type":"text","id":"social_tw_text","label":"Twitter Text","default":"Twitter"},{"type":"paragraph","content":"Pinterest"},{"type":"text","id":"social_pin","label":"Pinterest"},{"type":"text","id":"social_pin_text","label":"Pinterest Text","default":"Pinterest"},{"type":"paragraph","content":"Instagram"},{"type":"text","id":"social_inst","label":"Instagram"},{"type":"text","id":"social_inst_text","label":"Instagram text","default":"Instagram"},{"type":"paragraph","content":"Youtube"},{"type":"text","id":"social_yt","label":"Youtube"},{"type":"text","id":"social_yt_text","label":"Youtube text","default":"Youtube"},{"type":"paragraph","content":"Linkedin"},{"type":"text","id":"social_linkedin","label":"Linkedin"},{"type":"text","id":"social_linkedin_text","label":"Linkedin text","default":"Linkedin"}]},{"name":"Contact info block","settings":[{"type":"header","content":"Contact info about store"},{"type":"text","id":"contacts_address","label":"Contacts address"},{"type":"text","id":"contacts_phone","label":"Contacts phone"},{"type":"text","id":"contacts_phone_text","label":"Contacts phone text"},{"type":"text","id":"contacts_phone2","label":"Contacts phone 2"},{"type":"text","id":"contacts_phone_text2","label":"Contacts phone text 2"},{"type":"text","id":"contacts_email","label":"Contacts email"},{"type":"text","id":"contacts_email_text","label":"Contacts email text"}]},{"name":"Popup - just bought","settings":[{"type":"checkbox","id":"just_bought_toggle","label":"Show 'Popup just bought'","default":true},{"type":"text","id":"custom_heading","label":"Custom heading text"},{"type":"number","id":"interval","label":"Interval for show popup (ms)","default":70000},{"type":"number","id":"timeout","label":"Timeout for remove popup (ms)","default":6000},{"type":"select","id":"caption_position","label":"Caption position","options":[{"label":"Right","value":"right"},{"label":"Left","value":"left"},{"label":"Bottom left","value":"b_left"},{"label":"Bottom right","value":"b_right"}]}]},{"name":"NEED MORE HELP?","settings":[{"type":"header","content":{"de":"BENÖTIGEN SIE WEITERE HILFE","en":"NEED MORE HELP?","es":"NECESITAS MÁS AYUDA?","fr":"BESOIN D'AIDE?","it":"SERVE ANCORA AIUTO?","ru":"НУЖНА ДОПОЛНИТЕЛЬНАЯ ПОМОЩЬ?","pt-BR":"NEED MORE HELP?"},"info":{"de":"[Bei weiteren Fragen oder Problemen sowie bei der Anpassung der Vorlage wenden Sie sich bitte an tmshopify@template-help.com](mailto:tmshopify@template-help.com)","en":"[In case of additional questions or problems, as well as requests to customize the template, please contact tmshopify@template-help.com](mailto:tmshopify@template-help.com)","es":"[En caso de preguntas o problemas adicionales, así como solicitudes para personalizar la plantilla, comuníquese con tmshopify@template-help.com](mailto:tmshopify@template-help.com)","fr":"[En cas de questions ou de problèmes supplémentaires, ainsi que de demandes de personnalisation du modèle, veuillez contacter tmshopify@template-help.com](mailto:tmshopify@template-help.com)","it":"[In caso di ulteriori domande o problemi, nonché richieste di personalizzazione del modello, si prega di contattare tmshopify@template-help.com](mailto:tmshopify@template-help.com)","ru":"[В случае возникновения дополнительных вопросов или проблем, а также запросов на настройку шаблона, пожалуйста, свяжитесь с нами tmshopify@template-help.com](mailto:tmshopify@template-help.com)","pt-BR":"[In case of additional questions or problems, as well as requests to customize the template, please contact tmshopify@template-help.com](mailto:tmshopify@template-help.com)"}}]}]